company,group,coverage_status,workforce_2019,date_2019,source_2019,workforce_2022,date_2022,source_2022,workforce_2025,date_2025,source_2025,growth_2019_2022_pct,growth_2022_2025_pct,quality_issues,perimeter_events
Angi,ai_recorded,usable_pair,5000,2019-12-31,https://www.sec.gov/Archives/edgar/data/1705110/000170511020000003/angi-20193112x10k.htm,4600,2022-12-31,https://stockanalysis.com/stocks/angi/employees/,2300,2025-12-31,https://stockanalysis.com/stocks/angi/employees/,-7.9999999999999964,-50.0,[],[]
Foretellix,ai_recorded,not_mapped_to_standalone_public_history,,,,,,,,,,,,[],[]
Hailo,other_recorded,not_mapped_to_standalone_public_history,,,,,,,,,,,,[],[]
Kaseya,other_recorded,not_mapped_to_standalone_public_history,,,,,,,,,,,,[],[]
Tailwind Labs,ai_recorded,not_mapped_to_standalone_public_history,,,,,,,,,,,,[],[]
FormFactor,other_recorded,usable_pair,,,,2105,2022-12-31,https://stockanalysis.com/stocks/form/employees/,2153,2025-12-27,https://stockanalysis.com/stocks/form/employees/,,2.280285035629448,[],[]
MercadoLibre,ai_recorded,usable_pair,9703,2019-12-31,https://stockanalysis.com/stocks/meli/employees/,40548,2022-12-31,https://www.sec.gov/Archives/edgar/data/1099590/000109959023000007/meli-20221231.htm,123670,2025-12-31,https://stockanalysis.com/stocks/meli/employees/,317.89137380191687,204.9965473019631,"[{""company"": ""MercadoLibre"", ""strict_exclusion"": true, ""note"": ""Company-wide growth includes expansion of shipping operations; cannot be equated to technology-team growth."", ""source_url"": ""https://www.sec.gov/Archives/edgar/data/1099590/000109959023000007/meli-20221231.htm""}]",[]
Meta,ai_recorded,usable_pair,44942,2019-12-31,https://investor.atmeta.com/investor-news/press-release-details/2020/Facebook-Reports-Fourth-Quarter-and-Full-Year-2019-Results/default.aspx,86482,2022-12-31,https://www.sec.gov/Archives/edgar/data/1326801/000132680123000013/meta-20221231.htm,78865,2025-12-31,https://stockanalysis.com/stocks/meta/employees/,92.4302434248587,-8.807613144931892,[],[]
StoreDot,unresolved,not_mapped_to_standalone_public_history,,,,,,,,,,,,[],[]
eToro,other_recorded,series_without_usable_pair,,,,,,,1520,2025-12-31,https://stockanalysis.com/stocks/etor/employees/,,,[],[]
Aleph Alpha,other_recorded,not_mapped_to_standalone_public_history,,,,,,,,,,,,[],[]
Playtika,ai_recorded,usable_pair,,,,3800,2022-12-31,https://stockanalysis.com/stocks/pltk/employees/,3175,2025-12-31,https://stockanalysis.com/stocks/pltk/employees/,,-16.447368421052634,[],[]
Ericsson,other_recorded,usable_pair,99417,2019-12-31,https://stockanalysis.com/stocks/eric/employees/,105529,2022-12-31,https://stockanalysis.com/stocks/eric/employees/,88826,2025-12-31,https://stockanalysis.com/stocks/eric/employees/,6.147841918384178,-15.827876697400711,[],[]
Tipalti,other_recorded,not_mapped_to_standalone_public_history,,,,,,,,,,,,[],[]
Polygon,other_recorded,not_mapped_to_standalone_public_history,,,,,,,,,,,,[],[]
Vimeo,unresolved,series_without_usable_pair,,,,1236,2022-12-31,https://stockanalysis.com/stocks/vmeo/employees/,,,,,,[],[]
Autodesk,ai_recorded,usable_pair,9600,2019-01-31,https://stockanalysis.com/stocks/adsk/employees/,12600,2022-01-31,https://stockanalysis.com/stocks/adsk/employees/,15300,2025-01-31,https://stockanalysis.com/stocks/adsk/employees/,31.25,21.42857142857142,[],[]
Shopify,other_recorded,usable_pair,5000,2019-12-31,https://www.sec.gov/Archives/edgar/data/1594805/000159480520000020/ex991shopify2020circular.htm,11600,2022-12-31,https://www.sec.gov/Archives/edgar/data/1594805/000159480523000011/exhibit11annualinformation.htm,7600,2025-12-31,https://stockanalysis.com/stocks/shop/employees/,131.99999999999997,-34.48275862068966,"[{""company"": ""Shopify"", ""strict_exclusion"": true, ""note"": ""Includes contractors; 2019 is a rounded lower bound."", ""source_url"": ""https://www.sec.gov/Archives/edgar/data/1594805/000159480523000011/exhibit11annualinformation.htm""}]","[{""company"": ""Shopify"", ""date"": ""2022-07-08"", ""event"": ""Deliverr acquisition"", ""source_url"": ""https://www.shopify.com/news/shopify-announces-fourth-quarter-and-full-year-2022-financial-results"", ""headcount_adjustment"": null}, {""company"": ""Shopify"", ""date"": ""2023-06-06"", ""event"": ""Sale of majority of Shopify Logistics to Flexport"", ""source_url"": ""https://www.shopify.com/news/shopify-completes-sale-of-shopify-logistics-to-flexport"", ""headcount_adjustment"": null}]"
Roof Stacks,other_recorded,not_mapped_to_standalone_public_history,,,,,,,,,,,,[],[]
Entropy,other_recorded,not_mapped_to_standalone_public_history,,,,,,,,,,,,[],[]
Expedia,other_recorded,usable_pair,25400,2019-12-31,https://stockanalysis.com/stocks/expe/employees/,16500,2022-12-31,https://stockanalysis.com/stocks/expe/employees/,16000,2025-12-31,https://stockanalysis.com/stocks/expe/employees/,-35.03937007874016,-3.0303030303030276,[],"[{""company"": ""Expedia"", ""date"": ""2021-11-01"", ""event"": ""Egencia disposal"", ""source_url"": ""https://ir.expediagroup.com/news-and-events/news/news-details/2021/Expedia-Group-Reports-Third-Quarter-2021-Results/default.aspx"", ""headcount_adjustment"": null}]"
Moon Active,other_recorded,not_mapped_to_standalone_public_history,,,,,,,,,,,,[],[]
Pinterest,ai_recorded,usable_pair,2217,2019-12-31,https://stockanalysis.com/stocks/pins/employees/,3987,2022-12-31,https://stockanalysis.com/stocks/pins/employees/,5265,2025-12-31,https://stockanalysis.com/stocks/pins/employees/,79.83761840324763,32.05417607223475,[],[]
ASML,other_recorded,usable_pair,24900,2019-12-31,https://www.asml.com/en/investors/annual-report/2019/highlights,39086,2022-12-31,https://stockanalysis.com/stocks/asml/employees/,44175,2025-12-31,https://stockanalysis.com/stocks/asml/employees/,56.9718875502008,13.020007163690316,"[{""company"": ""ASML"", ""strict_exclusion"": true, ""note"": ""Workforce FTE includes temporary staff; not directly equivalent to employee headcount."", ""source_url"": ""https://www.sec.gov/Archives/edgar/data/937966/000093796623000014/asml-20221231.htm""}]",[]
Amazon,other_recorded,usable_pair,798000,2019-12-31,https://stockanalysis.com/stocks/amzn/employees/,1541000,2022-12-31,https://stockanalysis.com/stocks/amzn/employees/,1576000,2025-12-31,https://stockanalysis.com/stocks/amzn/employees/,93.10776942355889,2.2712524334847606,"[{""company"": ""Amazon"", ""strict_exclusion"": true, ""note"": ""Company-wide workforce includes fulfillment staff; corporate layoff population is narrower."", ""source_url"": ""https://stockanalysis.com/stocks/amzn/employees/""}]",[]
Gloo,ai_recorded,no_series_recovered,,,,,,,,,,,,[],[]
Kiwi.com,other_recorded,not_mapped_to_standalone_public_history,,,,,,,,,,,,[],[]
Peloton,other_recorded,usable_pair,,,,6195,2022-06-30,https://stockanalysis.com/stocks/pton/employees/,2656,2025-06-30,https://stockanalysis.com/stocks/pton/employees/,,-57.126715092816795,[],[]
Zupee,other_recorded,not_mapped_to_standalone_public_history,,,,,,,,,,,,[],[]
Zillow,other_recorded,usable_pair,5249,2019-12-31,https://stockanalysis.com/stocks/z/employees/,5724,2022-12-31,https://stockanalysis.com/stocks/z/employees/,7068,2025-12-31,https://stockanalysis.com/stocks/z/employees/,9.04934273194895,23.48008385744236,[],[]
Zipcar,other_recorded,not_mapped_to_standalone_public_history,,,,,,,,,,,,[],[]
Rewire,other_recorded,not_mapped_to_standalone_public_history,,,,,,,,,,,,[],[]
Smartsheet,other_recorded,usable_pair,1101,2019-01-31,https://stockanalysis.com/stocks/smar/employees/,2539,2022-01-31,https://stockanalysis.com/stocks/smar/employees/,,,,130.60853769300635,,[],[]
Workday,other_recorded,usable_pair,10500,2019-01-31,https://stockanalysis.com/stocks/wday/employees/,15200,2022-01-31,https://stockanalysis.com/stocks/wday/employees/,20400,2025-01-31,https://stockanalysis.com/stocks/wday/employees/,44.76190476190476,34.210526315789465,[],[]
Salesforce,ai_recorded,usable_pair,35000,2019-01-31,https://www.sec.gov/Archives/edgar/data/1108524/000110852419000009/crmq4fy1910-k.htm,73541,2022-01-31,https://stockanalysis.com/stocks/crm/employees/,76453,2025-01-31,https://stockanalysis.com/stocks/crm/employees/,110.11714285714285,3.9596959519179853,"[{""company"": ""Salesforce"", ""drop_dates"": [""2019-01-01""], ""note"": ""Secondary source misdates the 35000 employee observation January 1 instead of January 31; primary date corrected."", ""source_url"": ""https://www.sec.gov/Archives/edgar/data/1108524/000110852419000009/crmq4fy1910-k.htm""}]","[{""company"": ""Salesforce"", ""date"": ""2021-07-21"", ""event"": ""Slack acquisition"", ""source_url"": ""https://www.salesforce.com/news/press-releases/2021/07/21/salesforce-slack-deal-close/"", ""headcount_adjustment"": null}]"
Fi.Money,other_recorded,not_mapped_to_standalone_public_history,,,,,,,,,,,,[],[]
Dayforce,unresolved,series_without_usable_pair,,,,8526,2022-12-31,https://stockanalysis.com/stocks/day/employees/,,,,,,[],[]
Glossier,other_recorded,not_mapped_to_standalone_public_history,,,,,,,,,,,,[],[]
Clari,unresolved,not_mapped_to_standalone_public_history,,,,,,,,,,,,[],[]
Axonius,unresolved,not_mapped_to_standalone_public_history,,,,,,,,,,,,[],[]
Firebolt,ai_recorded,not_mapped_to_standalone_public_history,,,,,,,,,,,,[],[]
Huawei,other_recorded,not_mapped_to_standalone_public_history,,,,,,,,,,,,[],[]
Cyberark,other_recorded,usable_pair,1380,2019-12-31,https://stockanalysis.com/stocks/cybr/employees/,2768,2022-12-31,https://stockanalysis.com/stocks/cybr/employees/,,,,100.57971014492755,,[],[]
Codecademy,unresolved,not_mapped_to_standalone_public_history,,,,,,,,,,,,[],[]
Livspace,ai_recorded,not_mapped_to_standalone_public_history,,,,,,,,,,,,[],[]
Lucid Motors,other_recorded,usable_pair,,,,7200,2022-12-31,https://stockanalysis.com/stocks/lcid/employees/,9000,2025-12-31,https://stockanalysis.com/stocks/lcid/employees/,,25.0,[],[]
DraftKings,other_recorded,usable_pair,869,2019-12-31,https://stockanalysis.com/stocks/dkng/employees/,4200,2022-12-31,https://stockanalysis.com/stocks/dkng/employees/,,,,383.3141542002301,,[],[]
TrueCar,other_recorded,series_without_usable_pair,,,,441,2022-12-31,https://stockanalysis.com/stocks/true/employees/,,,,,,[],[]
WiseTech,ai_recorded,usable_pair,,,,2000,2022-06-30,https://stockanalysis.com/quote/asx/WTC/employees/,3600,2025-06-30,https://stockanalysis.com/quote/asx/WTC/employees/,,80.0,[],[]
C3.ai,ai_recorded,usable_pair,,,,704,2022-04-30,https://stockanalysis.com/stocks/ai/employees/,1181,2025-04-30,https://stockanalysis.com/stocks/ai/employees/,,67.75568181818181,[],[]
Deliveroo,other_recorded,series_without_usable_pair,,,,4046,2022-12-31,https://stockanalysis.com/quote/lon/ROO/employees/,,,,,,[],[]
Block,ai_recorded,usable_pair,3835,2019-12-31,https://www.annualreports.com/HostedData/AnnualReportArchive/b/NYSE_SQ_2019.pdf,12428,2022-12-31,https://www.annualreports.com/HostedData/AnnualReportArchive/b/NYSE_SQ_2023.pdf,10205,2025-12-31,https://www.sec.gov/Archives/edgar/data/1512673/000162828026012254/xyz-20251231.htm,224.0677966101695,-17.887029288702927,[],"[{""company"": ""Block"", ""date"": ""2022-01-31"", ""event"": ""Afterpay acquisition"", ""source_url"": ""https://www.annualreports.com/HostedData/AnnualReportArchive/b/NYSE_SQ_2022.pdf"", ""headcount_adjustment"": null}]"
Ocado,ai_recorded,usable_pair,,,,19744,2022-11-27,https://stockanalysis.com/quote/lon/OCDO/employees/,21367,2025-11-30,https://stockanalysis.com/quote/lon/OCDO/employees/,,8.220218800648293,[],[]
eBay,other_recorded,usable_pair,13300,2019-12-31,https://stockanalysis.com/stocks/ebay/employees/,11600,2022-12-31,https://stockanalysis.com/stocks/ebay/employees/,12300,2025-12-31,https://stockanalysis.com/stocks/ebay/employees/,-12.781954887218049,6.034482758620685,[],"[{""company"": ""eBay"", ""date"": ""2021-06-25"", ""event"": ""Classifieds disposal"", ""source_url"": ""https://www.ebayinc.com/stories/news/ebay-completes-transfer-of-classifieds-business-to-adevinta/"", ""headcount_adjustment"": null}]"
Zap Africa,ai_recorded,not_mapped_to_standalone_public_history,,,,,,,,,,,,[],[]
Verint Systems,other_recorded,usable_pair,,,,4400,2022-01-31,https://stockanalysis.com/stocks/vrnt/employees/,3800,2025-01-31,https://stockanalysis.com/stocks/vrnt/employees/,,-13.636363636363635,[],[]
MicroVision,other_recorded,series_without_usable_pair,,,,350,2022-12-31,https://stockanalysis.com/stocks/mvis/employees/,190,2025-12-31,https://stockanalysis.com/stocks/mvis/employees/,,,"[{""company"": ""MicroVision"", ""exclude_windows"": [""2019_2022"", ""2022_2025"", ""2019_2025""], ""note"": ""Secondary series labels 350 employees as Dec 31 2022; the primary report explicitly dates them Feb 24 2023, after Ibeo acquisition. Excluded pending comparable dates."", ""source_url"": ""https://www.sec.gov/Archives/edgar/data/65770/000119312523056723/d461483d10k.htm""}]",[]
At-Bay,other_recorded,not_mapped_to_standalone_public_history,,,,,,,,,,,,[],[]
Envato,ai_recorded,not_mapped_to_standalone_public_history,,,,,,,,,,,,[],[]
Supernal,other_recorded,not_mapped_to_standalone_public_history,,,,,,,,,,,,[],[]
SSense,other_recorded,not_mapped_to_standalone_public_history,,,,,,,,,,,,[],[]
Flipkart,other_recorded,not_mapped_to_standalone_public_history,,,,,,,,,,,,[],[]
InvestCloud,ai_recorded,not_mapped_to_standalone_public_history,,,,,,,,,,,,[],[]
Atlassian,ai_recorded,usable_pair,3616,2019-06-30,https://investors.atlassian.com/files/doc_downloads/agm/2019/FY19-UK-Annual-Report-final.pdf,8813,2022-06-30,https://stockanalysis.com/stocks/team/employees/,13813,2025-06-30,https://stockanalysis.com/stocks/team/employees/,143.72234513274336,56.73436968115284,[],[]
Digg,ai_recorded,not_mapped_to_standalone_public_history,,,,,,,,,,,,[],[]
Loopio,other_recorded,not_mapped_to_standalone_public_history,,,,,,,,,,,,[],[]
Stone,ai_recorded,series_without_usable_pair,,,,,,,,,,,,[],[]
FranShares,other_recorded,not_mapped_to_standalone_public_history,,,,,,,,,,,,[],[]
Crypto.com,ai_recorded,not_mapped_to_standalone_public_history,,,,,,,,,,,,[],[]
Snowflake,other_recorded,usable_pair,,,,3992,2022-01-31,https://stockanalysis.com/stocks/snow/employees/,7834,2025-01-31,https://stockanalysis.com/stocks/snow/employees/,,96.24248496993988,[],[]
Gemini,ai_recorded,no_series_recovered,,,,,,,,,,,,[],[]
Spotify,other_recorded,usable_pair,4405,2019-12-31,https://stockanalysis.com/stocks/spot/employees/,8359,2022-12-31,https://stockanalysis.com/stocks/spot/employees/,7323,2025-12-31,https://stockanalysis.com/stocks/spot/employees/,89.7616345062429,-12.393827012800573,"[{""company"": ""Spotify"", ""strict_exclusion"": true, ""note"": ""Reported series uses annual average employees, not point-in-time year-end headcount. Kept only in broad reported-workforce comparison."", ""source_url"": ""https://companiesmarketcap.com/spotify/sec-reports-20f/0001639920-23-000004/""}]",[]
Epic Games,other_recorded,not_mapped_to_standalone_public_history,,,,,,,,,,,,[],[]
OpenText,other_recorded,usable_pair,,,,14400,2022-12-31,https://stockanalysis.com/stocks/otex/employees/,21300,2025-12-31,https://stockanalysis.com/stocks/otex/employees/,,47.91666666666667,[],"[{""company"": ""OpenText"", ""date"": ""2023-01-31"", ""event"": ""Micro Focus acquisition"", ""source_url"": ""https://s23.q4cdn.com/197378439/files/doc_news/OpenText-Buys-Micro-Focus-2023.pdf"", ""headcount_adjustment"": null}]"
Zendesk,other_recorded,not_mapped_to_standalone_public_history,,,,,,,,,,,,[],[]
Monte Carlo,ai_recorded,not_mapped_to_standalone_public_history,,,,,,,,,,,,[],[]
Quandoo,other_recorded,not_mapped_to_standalone_public_history,,,,,,,,,,,,[],[]
Enpal,other_recorded,not_mapped_to_standalone_public_history,,,,,,,,,,,,[],[]
Covrzy,other_recorded,not_mapped_to_standalone_public_history,,,,,,,,,,,,[],[]
Monzo,other_recorded,not_mapped_to_standalone_public_history,,,,,,,,,,,,[],[]
Oracle,other_recorded,usable_pair,136000,2019-05-31,https://stockanalysis.com/stocks/orcl/employees/,143000,2022-05-31,https://stockanalysis.com/stocks/orcl/employees/,162000,2025-05-31,https://stockanalysis.com/stocks/orcl/employees/,5.147058823529416,13.286713286713292,[],"[{""company"": ""Oracle"", ""date"": ""2022-06-08"", ""event"": ""Cerner acquisition; after May 2022 workforce observation"", ""source_url"": ""https://www.oracle.com/corporate/acquisitions/cerner/"", ""headcount_adjustment"": null}]"
Rec Room,other_recorded,not_mapped_to_standalone_public_history,,,,,,,,,,,,[],[]
Yupp,ai_recorded,not_mapped_to_standalone_public_history,,,,,,,,,,,,[],[]
Sonos,other_recorded,usable_pair,,,,1844,2022-10-01,https://stockanalysis.com/stocks/sono/employees/,1404,2025-09-27,https://stockanalysis.com/stocks/sono/employees/,,-23.86117136659436,[],[]
MARA,other_recorded,usable_pair,,,,30,2022-12-31,https://stockanalysis.com/stocks/mara/employees/,266,2025-12-31,https://stockanalysis.com/stocks/mara/employees/,,786.6666666666667,[],[]
NeuroPixel.AI,other_recorded,not_mapped_to_standalone_public_history,,,,,,,,,,,,[],[]
Welltech,other_recorded,not_mapped_to_standalone_public_history,,,,,,,,,,,,[],[]
Bolt,ai_recorded,not_mapped_to_standalone_public_history,,,,,,,,,,,,[],[]
GoPro,other_recorded,usable_pair,,,,877,2022-12-31,https://stockanalysis.com/stocks/gpro/employees/,636,2025-12-31,https://stockanalysis.com/stocks/gpro/employees/,,-27.48004561003421,[],[]
Pendo,other_recorded,not_mapped_to_standalone_public_history,,,,,,,,,,,,[],[]
IAC,other_recorded,usable_pair,,,,11000,2022-12-31,https://stockanalysis.com/stocks/iac/employees/,5156,2025-12-31,https://stockanalysis.com/stocks/iac/employees/,,-53.12727272727273,[],[]
Cars.com,other_recorded,usable_pair,,,,1700,2022-12-31,https://stockanalysis.com/stocks/cars/employees/,1700,2025-12-31,https://stockanalysis.com/stocks/cars/employees/,,0.0,[],[]
Pepper Pay,other_recorded,not_mapped_to_standalone_public_history,,,,,,,,,,,,[],[]
Life360,ai_recorded,usable_pair,,,,400,2022-12-31,https://stockanalysis.com/stocks/lif/employees/,547,2025-12-31,https://stockanalysis.com/stocks/lif/employees/,,36.74999999999999,[],"[{""company"": ""Life360"", ""date"": ""2022-01-05"", ""event"": ""Tile acquisition"", ""source_url"": ""https://www.sec.gov/Archives/edgar/data/1581760/000158176023000031/lifx-20221231.htm"", ""headcount_adjustment"": null}]"
Esh Group,other_recorded,not_mapped_to_standalone_public_history,,,,,,,,,,,,[],[]
Eventbrite,other_recorded,series_without_usable_pair,,,,881,2022-12-31,https://stockanalysis.com/stocks/eb/employees/,,,,,,[],[]
StarkWare,other_recorded,not_mapped_to_standalone_public_history,,,,,,,,,,,,[],[]
Nayax,other_recorded,usable_pair,,,,800,2022-12-31,https://stockanalysis.com/stocks/nyax/employees/,1200,2025-12-31,https://stockanalysis.com/stocks/nyax/employees/,,50.0,[],[]
Productboard,ai_recorded,not_mapped_to_standalone_public_history,,,,,,,,,,,,[],[]
Snap,ai_recorded,usable_pair,3195,2019-12-31,https://investor.snap.com/files/doc_financials/2020/q3/Q3%E2%80%9920-Earnings-Release-Draft_Final_10.20.20.pdf,5288,2022-12-31,https://www.sec.gov/Archives/edgar/data/1564408/000156440823000013/snap-20221231.htm,5261,2025-12-31,https://stockanalysis.com/stocks/snap/employees/,65.50860719874805,-0.510590015128598,[],[]
Swyftx,other_recorded,not_mapped_to_standalone_public_history,,,,,,,,,,,,[],[]
Taboola,unresolved,usable_pair,,,,1815,2022-12-31,https://stockanalysis.com/stocks/tbla/employees/,2000,2025-12-31,https://stockanalysis.com/stocks/tbla/employees/,,10.192837465564741,[],[]
UKG,ai_recorded,not_mapped_to_standalone_public_history,,,,,,,,,,,,[],[]
Quora,other_recorded,not_mapped_to_standalone_public_history,,,,,,,,,,,,[],[]
Sama,other_recorded,not_mapped_to_standalone_public_history,,,,,,,,,,,,[],[]
Shutterfly,other_recorded,no_series_recovered,,,,,,,,,,,,[],[]
Acko,ai_recorded,not_mapped_to_standalone_public_history,,,,,,,,,,,,[],[]
Epidemic Sound,other_recorded,not_mapped_to_standalone_public_history,,,,,,,,,,,,[],[]
GeoComply,ai_recorded,not_mapped_to_standalone_public_history,,,,,,,,,,,,[],[]
Remarkable,other_recorded,not_mapped_to_standalone_public_history,,,,,,,,,,,,[],[]
SuperOps,other_recorded,not_mapped_to_standalone_public_history,,,,,,,,,,,,[],[]
Pentera,ai_recorded,not_mapped_to_standalone_public_history,,,,,,,,,,,,[],[]
0G,ai_recorded,not_mapped_to_standalone_public_history,,,,,,,,,,,,[],[]
Careem,other_recorded,not_mapped_to_standalone_public_history,,,,,,,,,,,,[],[]
Coinbase,ai_recorded,usable_pair,,,,4510,2022-12-31,https://stockanalysis.com/stocks/coin/employees/,4951,2025-12-31,https://stockanalysis.com/stocks/coin/employees/,,9.778270509977837,[],[]
Freshworks,ai_recorded,usable_pair,,,,5400,2022-12-31,https://stockanalysis.com/stocks/frsh/employees/,4500,2025-12-31,https://stockanalysis.com/stocks/frsh/employees/,,-16.666666666666664,[],[]
PayPal,ai_recorded,usable_pair,23200,2019-12-31,https://stockanalysis.com/stocks/pypl/employees/,29900,2022-12-31,https://stockanalysis.com/stocks/pypl/employees/,23800,2025-12-31,https://stockanalysis.com/stocks/pypl/employees/,28.87931034482758,-20.40133779264214,[],[]
ApnaMart,ai_recorded,not_mapped_to_standalone_public_history,,,,,,,,,,,,[],[]
Arctic Wolf,ai_recorded,not_mapped_to_standalone_public_history,,,,,,,,,,,,[],[]
LSports,ai_recorded,not_mapped_to_standalone_public_history,,,,,,,,,,,,[],[]
Pocket FM,other_recorded,not_mapped_to_standalone_public_history,,,,,,,,,,,,[],[]
reAlpha,ai_recorded,series_without_usable_pair,,,,,,,113,2025-12-31,https://stockanalysis.com/stocks/aire/employees/,,,[],[]
Bill.com,other_recorded,usable_pair,,,,2269,2022-06-30,https://stockanalysis.com/stocks/bill/employees/,2364,2025-06-30,https://stockanalysis.com/stocks/bill/employees/,,4.1868664609960415,[],[]
Cloudflare,ai_recorded,usable_pair,1270,2019-12-31,https://www.sec.gov/Archives/edgar/data/1477333/000147733320000010/cloud-20191231.htm,3217,2022-12-31,https://www.sec.gov/Archives/edgar/data/1477333/000147733323000017/cloud-20221231.htm,5156,2025-12-31,https://stockanalysis.com/stocks/net/employees/,153.30708661417324,60.273546782716814,[],[]
DeepL,ai_recorded,not_mapped_to_standalone_public_history,,,,,,,,,,,,[],[]
Ticketmaster,other_recorded,not_mapped_to_standalone_public_history,,,,,,,,,,,,[],[]
Truecaller,other_recorded,usable_pair,,,,395,2022-12-31,https://stockanalysis.com/quote/sto/TRUE.B/employees/,467,2025-12-31,https://stockanalysis.com/quote/sto/TRUE.B/employees/,,18.22784810126583,[],[]
Upwork,ai_recorded,usable_pair,570,2019-12-31,https://www.sec.gov/Archives/edgar/data/1627475/000162747520000006/upwk-20191231.htm,850,2022-12-31,https://stockanalysis.com/stocks/upwk/employees/,630,2025-12-31,https://stockanalysis.com/stocks/upwk/employees/,49.122807017543856,-25.882352941176467,[],[]
Staffbase,unresolved,not_mapped_to_standalone_public_history,,,,,,,,,,,,[],[]
Parker,other_recorded,not_mapped_to_standalone_public_history,,,,,,,,,,,,[],[]
Adda247,other_recorded,not_mapped_to_standalone_public_history,,,,,,,,,,,,[],[]
MRI Software,ai_recorded,not_mapped_to_standalone_public_history,,,,,,,,,,,,[],[]
MessageBird,ai_recorded,not_mapped_to_standalone_public_history,,,,,,,,,,,,[],[]
One Identity,other_recorded,not_mapped_to_standalone_public_history,,,,,,,,,,,,[],[]
ZoomInfo,other_recorded,usable_pair,,,,3540,2022-12-31,https://stockanalysis.com/stocks/gtm/employees/,3180,2025-12-31,https://stockanalysis.com/stocks/gtm/employees/,,-10.169491525423723,[],[]
Breadfast,unresolved,not_mapped_to_standalone_public_history,,,,,,,,,,,,[],[]
Cisco,ai_recorded,usable_pair,75900,2019-07-27,https://stockanalysis.com/stocks/csco/employees/,83300,2022-07-30,https://stockanalysis.com/stocks/csco/employees/,86200,2025-07-26,https://stockanalysis.com/stocks/csco/employees/,9.74967061923584,3.4813925570228,[],"[{""company"": ""Cisco"", ""date"": ""2024-03-18"", ""event"": ""Splunk acquisition"", ""source_url"": ""https://newsroom.cisco.com/c/r/newsroom/en/us/a/y2024/m03/cisco-completes-acquisition-of-splunk.html"", ""headcount_adjustment"": null}]"
Guesty,ai_recorded,not_mapped_to_standalone_public_history,,,,,,,,,,,,[],[]
Jumia,ai_recorded,usable_pair,,,,4318,2022-12-31,https://stockanalysis.com/stocks/jmia/employees/,2016,2025-12-31,https://stockanalysis.com/stocks/jmia/employees/,,-53.31171838814266,[],[]
LinkedIn,other_recorded,not_mapped_to_standalone_public_history,,,,,,,,,,,,[],[]
Dune,other_recorded,not_mapped_to_standalone_public_history,,,,,,,,,,,,[],[]
Gambling.com Group,ai_recorded,usable_pair,,,,395,2022-12-31,https://stockanalysis.com/stocks/gamb/employees/,599,2025-12-31,https://stockanalysis.com/stocks/gamb/employees/,,51.64556962025317,[],[]
Innovaccer,ai_recorded,not_mapped_to_standalone_public_history,,,,,,,,,,,,[],[]
Kraken,ai_recorded,not_mapped_to_standalone_public_history,,,,,,,,,,,,[],[]
AI21 Labs,ai_recorded,not_mapped_to_standalone_public_history,,,,,,,,,,,,[],[]
Intuit,other_recorded,usable_pair,9400,2019-07-31,https://stockanalysis.com/stocks/intu/employees/,17300,2022-07-31,https://stockanalysis.com/stocks/intu/employees/,18200,2025-07-31,https://stockanalysis.com/stocks/intu/employees/,84.04255319148936,5.202312138728327,[],"[{""company"": ""Intuit"", ""date"": ""2021-11-01"", ""event"": ""Mailchimp acquisition"", ""source_url"": ""https://investors.intuit.com/news-events/press-releases/detail/154/intuit-completes-acquisition-of-mailchimp"", ""headcount_adjustment"": null}, {""company"": ""Intuit"", ""date"": ""2020-12-03"", ""event"": ""Credit Karma acquisition"", ""source_url"": ""https://investors.intuit.com/news-events/press-releases/detail/202/intuit-completes-acquisition-of-credit-karma"", ""headcount_adjustment"": null}]"
ClickUp,ai_recorded,not_mapped_to_standalone_public_history,,,,,,,,,,,,[],[]
Wix,other_recorded,usable_pair,2562,2019-12-31,https://stockanalysis.com/stocks/wix/employees/,4472,2022-12-31,https://stockanalysis.com/stocks/wix/employees/,5340,2025-12-31,https://stockanalysis.com/stocks/wix/employees/,74.5511319281811,19.40966010733454,[],[]
GitLab,ai_recorded,usable_pair,,,,1630,2022-01-31,https://stockanalysis.com/stocks/gtlb/employees/,2375,2025-01-31,https://stockanalysis.com/stocks/gtlb/employees/,,45.70552147239264,[],[]
Robinhood,other_recorded,usable_pair,,,,2300,2022-12-31,https://stockanalysis.com/stocks/hood/employees/,2900,2025-12-31,https://stockanalysis.com/stocks/hood/employees/,,26.086956521739136,[],[]
Bungie,other_recorded,not_mapped_to_standalone_public_history,,,,,,,,,,,,[],[]
PlaxidityX,other_recorded,not_mapped_to_standalone_public_history,,,,,,,,,,,,[],[]
Elementor,ai_recorded,not_mapped_to_standalone_public_history,,,,,,,,,,,,[],[]
Equip Health,unresolved,not_mapped_to_standalone_public_history,,,,,,,,,,,,[],[]
ADP,unresolved,usable_pair,,,,60000,2022-06-30,https://stockanalysis.com/stocks/adp/employees/,67000,2025-06-30,https://stockanalysis.com/stocks/adp/employees/,,11.66666666666667,[],[]
SAS,other_recorded,not_mapped_to_standalone_public_history,,,,,,,,,,,,[],[]
CompanyCam,other_recorded,not_mapped_to_standalone_public_history,,,,,,,,,,,,[],[]
JiviAI,other_recorded,not_mapped_to_standalone_public_history,,,,,,,,,,,,[],[]
Culture Amp,unresolved,not_mapped_to_standalone_public_history,,,,,,,,,,,,[],[]
Amperity,ai_recorded,not_mapped_to_standalone_public_history,,,,,,,,,,,,[],[]
BitGo,other_recorded,no_series_recovered,,,,,,,,,,,,[],[]
Snyk,other_recorded,not_mapped_to_standalone_public_history,,,,,,,,,,,,[],[]
Elastic,ai_recorded,usable_pair,1442,2019-04-30,https://stockanalysis.com/stocks/estc/employees/,2978,2022-04-30,https://stockanalysis.com/stocks/estc/employees/,3537,2025-04-30,https://stockanalysis.com/stocks/estc/employees/,106.51872399445215,18.77098723975823,[],[]
Cyberbit,other_recorded,not_mapped_to_standalone_public_history,,,,,,,,,,,,[],[]
Lazada Group,other_recorded,not_mapped_to_standalone_public_history,,,,,,,,,,,,[],[]
Ethereum Foundation,other_recorded,not_mapped_to_standalone_public_history,,,,,,,,,,,,[],[]
91Trucks,other_recorded,not_mapped_to_standalone_public_history,,,,,,,,,,,,[],[]
Tractive,other_recorded,not_mapped_to_standalone_public_history,,,,,,,,,,,,[],[]
Optimove,ai_recorded,not_mapped_to_standalone_public_history,,,,,,,,,,,,[],[]
Lastminute,ai_recorded,usable_pair,,,,1599,2022-12-31,https://stockanalysis.com/quote/swx/LMN/employees/,1628,2025-12-31,https://stockanalysis.com/quote/swx/LMN/employees/,,1.813633520950586,[],[]
Matter Labs,other_recorded,not_mapped_to_standalone_public_history,,,,,,,,,,,,[],[]
Artlist,ai_recorded,not_mapped_to_standalone_public_history,,,,,,,,,,,,[],[]
FNZ,unresolved,not_mapped_to_standalone_public_history,,,,,,,,,,,,[],[]
Rackspace,ai_recorded,usable_pair,,,,6800,2022-12-31,https://stockanalysis.com/stocks/rxt/employees/,5000,2025-12-31,https://stockanalysis.com/stocks/rxt/employees/,,-26.470588235294112,[],[]
Rivian,other_recorded,usable_pair,,,,14122,2022-12-31,https://stockanalysis.com/stocks/rivn/employees/,15232,2025-12-31,https://stockanalysis.com/stocks/rivn/employees/,,7.860076476419775,[],[]
Pleo,other_recorded,not_mapped_to_standalone_public_history,,,,,,,,,,,,[],[]
ServiceNow,unresolved,usable_pair,10371,2019-12-31,https://stockanalysis.com/stocks/now/employees/,20433,2022-12-31,https://stockanalysis.com/stocks/now/employees/,29187,2025-12-31,https://stockanalysis.com/stocks/now/employees/,97.02053803876194,42.842460725297315,[],[]
Shopee,other_recorded,not_mapped_to_standalone_public_history,,,,,,,,,,,,[],[]
Opendoor,other_recorded,usable_pair,,,,2570,2022-12-31,https://stockanalysis.com/stocks/open/employees/,1042,2025-12-31,https://stockanalysis.com/stocks/open/employees/,,-59.45525291828794,[],[]
Veritone,other_recorded,usable_pair,,,,661,2022-12-31,https://stockanalysis.com/stocks/veri/employees/,446,2025-12-31,https://stockanalysis.com/stocks/veri/employees/,,-32.52647503782148,[],[]
Paytm,other_recorded,usable_pair,,,,17964,2022-03-31,https://stockanalysis.com/quote/nse/PAYTM/employees/,39368,2025-03-31,https://stockanalysis.com/quote/nse/PAYTM/employees/,,119.14940993097306,[],[]
Verily,unresolved,not_mapped_to_standalone_public_history,,,,,,,,,,,,[],[]
Tools for Humanity,other_recorded,not_mapped_to_standalone_public_history,,,,,,,,,,,,[],[]
Zencity,other_recorded,not_mapped_to_standalone_public_history,,,,,,,,,,,,[],[]
FanDuel,ai_recorded,not_mapped_to_standalone_public_history,,,,,,,,,,,,[],[]
Quizlet,unresolved,not_mapped_to_standalone_public_history,,,,,,,,,,,,[],[]
Google,unresolved,not_mapped_to_standalone_public_history,,,,,,,,,,,,[],[]
Uber,other_recorded,usable_pair,26900,2019-12-31,https://stockanalysis.com/stocks/uber/employees/,32800,2022-12-31,https://stockanalysis.com/stocks/uber/employees/,34000,2025-12-31,https://stockanalysis.com/stocks/uber/employees/,21.933085501858727,3.658536585365857,[],[]
Skai,ai_recorded,not_mapped_to_standalone_public_history,,,,,,,,,,,,[],[]
Aleph Farms,other_recorded,not_mapped_to_standalone_public_history,,,,,,,,,,,,[],[]
Manhattan Associates,other_recorded,usable_pair,3400,2019-12-31,https://stockanalysis.com/stocks/manh/employees/,4150,2022-12-31,https://stockanalysis.com/stocks/manh/employees/,4370,2025-12-31,https://stockanalysis.com/stocks/manh/employees/,22.058823529411775,5.301204819277117,[],[]
Lightricks,ai_recorded,not_mapped_to_standalone_public_history,,,,,,,,,,,,[],[]
Credit Karma,other_recorded,not_mapped_to_standalone_public_history,,,,,,,,,,,,[],[]
Interview Kickstart,other_recorded,not_mapped_to_standalone_public_history,,,,,,,,,,,,[],[]
SentinelOne,other_recorded,usable_pair,,,,1200,2022-01-31,https://stockanalysis.com/stocks/s/employees/,2800,2025-01-31,https://stockanalysis.com/stocks/s/employees/,,133.33333333333334,[],[]
Rapyd,ai_recorded,not_mapped_to_standalone_public_history,,,,,,,,,,,,[],[]
Amdocs,ai_recorded,usable_pair,24516,2019-09-30,https://stockanalysis.com/stocks/dox/employees/,30288,2022-09-30,https://stockanalysis.com/stocks/dox/employees/,26969,2025-09-30,https://stockanalysis.com/stocks/dox/employees/,23.543808125305922,-10.958135235076593,[],[]
BenchSci,ai_recorded,not_mapped_to_standalone_public_history,,,,,,,,,,,,[],[]
Webflow,ai_recorded,not_mapped_to_standalone_public_history,,,,,,,,,,,,[],[]
NetApp,other_recorded,usable_pair,10500,2019-04-26,https://stockanalysis.com/stocks/ntap/employees/,12000,2022-04-29,https://stockanalysis.com/stocks/ntap/employees/,11700,2025-04-25,https://stockanalysis.com/stocks/ntap/employees/,14.28571428571428,-2.500000000000002,[],[]
Picnic,other_recorded,not_mapped_to_standalone_public_history,,,,,,,,,,,,[],[]
Groupon,ai_recorded,usable_pair,,,,2904,2022-12-31,https://stockanalysis.com/stocks/grpn/employees/,1734,2025-12-31,https://stockanalysis.com/stocks/grpn/employees/,,-40.28925619834711,[],[]
BigID,ai_recorded,not_mapped_to_standalone_public_history,,,,,,,,,,,,[],[]
Trend Micro,other_recorded,usable_pair,,,,7669,2022-12-31,https://stockanalysis.com/quote/tyo/4704/employees/,6717,2025-12-31,https://stockanalysis.com/quote/tyo/4704/employees/,,-12.413613248141875,[],[]
Noa Technologies,unresolved,not_mapped_to_standalone_public_history,,,,,,,,,,,,[],[]
Zondacrypto,other_recorded,not_mapped_to_standalone_public_history,,,,,,,,,,,,[],[]
Qt Company,other_recorded,usable_pair,,,,688,2022-12-31,https://stockanalysis.com/quote/hel/QTCOM/employees/,1068,2025-12-31,https://stockanalysis.com/quote/hel/QTCOM/employees/,,55.232558139534895,[],[]
Qualcomm,unresolved,usable_pair,37000,2019-09-29,https://stockanalysis.com/stocks/qcom/employees/,51000,2022-09-25,https://stockanalysis.com/stocks/qcom/employees/,52000,2025-09-28,https://stockanalysis.com/stocks/qcom/employees/,37.83783783783783,1.9607843137254832,[],[]
Flex AI,other_recorded,not_mapped_to_standalone_public_history,,,,,,,,,,,,[],[]
Algorand Foundation,other_recorded,not_mapped_to_standalone_public_history,,,,,,,,,,,,[],[]
OP Labs,other_recorded,not_mapped_to_standalone_public_history,,,,,,,,,,,,[],[]
Marketsource,unresolved,not_mapped_to_standalone_public_history,,,,,,,,,,,,[],[]
Xero,unresolved,usable_pair,,,,4784,2022-03-31,https://stockanalysis.com/quote/asx/XRO/employees/,4610,2025-03-31,https://stockanalysis.com/quote/asx/XRO/employees/,,-3.637123745819393,[],[]
Riot Games,other_recorded,not_mapped_to_standalone_public_history,,,,,,,,,,,,[],[]
Informatica,unresolved,series_without_usable_pair,,,,6000,2022-12-31,https://stockanalysis.com/stocks/infa/employees/,,,,,,[],[]
Alle,other_recorded,not_mapped_to_standalone_public_history,,,,,,,,,,,,[],[]
Dandy,unresolved,not_mapped_to_standalone_public_history,,,,,,,,,,,,[],[]
