cause_code,is_ai,specificity
ai_investment_reallocation,1,concrete
ai_market_disruption,1,concrete
ai_productivity,1,concrete
ai_substitution,1,concrete
ai_transition,1,generic
ai_work_redesign,1,concrete
cost_cutting,0,concrete
demand_decline,0,concrete
financial_distress,0,concrete
ipo_prep,0,concrete
lost_contract,0,concrete
m_and_a,0,concrete
market_conditions,0,generic
market_exit,0,concrete
operational_efficiency,0,generic
organizational_consolidation,0,concrete
organizational_realignment,0,generic
performance_cull,0,concrete
regulatory,0,concrete
shutdown,0,concrete
strategic_pivot,0,concrete
strategic_priorities,0,generic
unit_closure,0,concrete
work_relocation,0,concrete
