company_id,company_label
co_04b8dc46bee81abaa377,ZoomInfo
co_0555fb466c478c3cae48,Rivian
co_05f6b8d2a86e657568bb,Culture Amp
co_0626e4c636221bf01801,Hailo
co_06b3aed2e1d516bda3ce,MessageBird
co_089d3f3338c4cb8251ff,FormFactor
co_0bbe3cb1cff7874c3925,Intuit
co_0d27788ae76d059e23de,Xero
co_0d8cf823554dd37daf3c,One Identity
co_0e90fb7954e70b9028d7,Welltech
co_0ef705dd99da0ae4b601,Polygon
co_0f2fac89f62fb4a264b0,OP Labs
co_0f5e18fd18bd0554a87f,Swyftx
co_10c2fec550e262efcc23,eBay
co_12e5f2025ea19bfe8f8e,Zendesk
co_15909497f1b4f7461690,GeoComply
co_1dbd59f661d68b90724f,Snowflake
co_1eb3ece3958c228c2a93,SSense
co_20d8d52197bf275562d4,BigID
co_211d0bb8cf4f5b5202c2,Block
co_2228d3257dbc94ca94e1,Verily
co_224b26457790bfce7140,Skai
co_22c09a6dfc9f10446012,Amdocs
co_23d27a7d9854b6ce10d3,Informatica
co_28c382368188fec9dccd,Enpal
co_28def55ef4f0a871f008,Sama
co_297c6f0f5d2111cff906,Ticketmaster
co_2bbda5703bf27265b10e,Artlist
co_2c0b1284dc4c33be37c9,FranShares
co_2c5185a0d6b8fd2ea352,Rewire
co_2c94d7636b7e77c4085a,C3.ai
co_2d242251b88b1da24b37,Guesty
co_2df100dd42f450dbe371,PlaxidityX
co_2faa8bd0603d45617e25,Shopee
co_3034195b7be6c820da52,Lucid Motors
co_30dd272cfe06aa73c07e,Pepper Pay
co_31f515f69bf4c45b0949,Esh Group
co_328f62edef589fad428c,Pocket FM
co_33a7935db79df2a3bf5a,Salesforce
co_34f703b1e8a65fe43bd7,eToro
co_35b1a7722289e1b6d51c,NetApp
co_35d1922b7f8dba991b0a,DeepL
co_368b523361b14af83dc6,Quandoo
co_36b77757d7b99f879dd7,Qualcomm
co_36cd94365abf877999af,Livspace
co_371c4604059075fe4764,Tractive
co_3801a35c5182283990f6,Alle
co_3b58e2dfbea6a4a89f60,ApnaMart
co_3c58565b51d3216de663,BenchSci
co_3cfbdbc3ba7620f9b1c6,Uber
co_3f53f30c2be983ee9e7e,Monte Carlo
co_3fc332e131b837b7d424,Rackspace
co_400011d6f54f322820e7,Kiwi.com
co_41be4a26ae36b4dc00ac,Aleph Farms
co_421f58de65cacca61b5c,Multiverse
co_42893599b21c47a9d303,Kaseya
co_441f83e0c8836570066a,Yupp
co_476654f3db72ca0763db,Zillow
co_47baa00dd87982edbb38,Quizlet
co_48f6de3758908a870063,Glossier
co_49d2dc07acd9eff540de,Amazon
co_4a449f2d804f234ad52b,OpenText
co_4b587327e8a8d608098f,Lastminute
co_4b983fefcbc1754e737a,MRI Software
co_4d58644e59b87f74010a,Rec Room
co_4dc4772adc8b238b3261,Tools for Humanity
co_4f749de7c24fe9679697,Meta
co_5157f45d83c81fd31970,Wix
co_51f271e1d1947f5f6b10,Flex AI
co_52b22789c4c6e72b4c48,Credit Karma
co_55d5f29cd94ac4d969bd,Manhattan Associates
co_55e635a4ef96770f72c1,Loopio
co_59a077ff1a430148b137,Aleph Alpha
co_5ba7da704f71c213f760,Zondacrypto
co_5c09ed10c1f490a90b75,Opendoor
co_5e7c4d821aae015726bb,Elastic
co_5e875bc90a3601477b5e,Shopify
co_623d88ddfa62ad7d8055,Amperity
co_63d808f63c2390883c2a,Moon Active
co_643e051a86b57f8424da,Microsoft (corporate)
co_67831a00b4c103ff747a,Monzo
co_694999ed23715a44f94a,Gambling.com Group
co_6a5eff6f5e7c2523ff7c,FanDuel
co_6a79bba959677bb17a50,Bill.com
co_6a9e24a59421c94edbbc,Pendo
co_6d3a2634f5ac364b36a1,Tipalti
co_6ff3bf046e4a00674acc,Cyberark
co_6ffa6b8b1c9fa11cb67a,Stone
co_7005c0064bda4edb7ad7,Spotify
co_713349596e09e13382f3,Matter Labs
co_73b60284928a37fe534e,Pleo
co_7488ebcd11bfcd524e13,Shutterfly
co_762a4843695f2a16ff1f,Firebolt
co_76cbe82b9e4cd5544d38,Qt Company
co_78dfd4d79bda7ef82048,Pinterest
co_7cd31df9315014c144dd,Optimove
co_7e1f499c1ad890439453,TrueCar
co_7e250c1fb76bb96f3f47,Riot Games
co_7e505fc6c9a571567b41,GoCardless
co_806f8c62172abb69e8f4,Covrzy
co_816e74e1312a34a2ef36,Zap Africa
co_820763ae11ab34ea1158,Flipkart
co_8266deca6c65b39468e6,Coinbase
co_8397a9ecd5005f0b26ad,Innovaccer
co_85cf761b66947ea2b97c,BitGo
co_8710257e833cb13e316d,Epic Games
co_8726ef5c42206476b808,0G
co_877d321dc548da2a58e8,MercadoLibre
co_88aaef1316152a78e601,Crypto.com
co_8a42d37e2ea82b1a9a73,SuperOps
co_8e385e3cd6c06c046eba,Playtika
co_8ffbc1775550471d3323,Ocado
co_9151a836f996c25ea618,GitLab
co_92039f1a7ad82575787e,Parker
co_922fd1ec8a1bde5fe65c,Deliveroo
co_924075d9b4e2991cf17f,Picnic
co_9439e50e90ff669e981b,WiseTech
co_951b20ccf1df2eb7b77e,Truecaller
co_95ce1ec7edce8dc7e692,ClickUp
co_96a23dd49fb0e856a2c7,DraftKings
co_97940e58a4948f33a943,FNZ
co_97fc7beb04150537848d,Breadfast
co_98df9a59f0641d0c4409,Snap
co_99866b8889e984810d07,Elementor
co_99ad9b72b56492e96e6c,Robinhood
co_99b6fa43ea905b2c0f26,Ericsson
co_99c1026c856ab0c18b43,AI21 Labs
co_9a16d16133115e2c81e6,Digg
co_9f25b2fca4e0e7dc33b6,Angi
co_a11413b0a4a315c2819e,ServiceNow
co_a17f95315268995769c9,Gloo
co_a2a9dd017eddcdfd6aeb,Dayforce
co_a4f19bc574254b85fad7,Upwork
co_a5387155f8c559d53c4a,Life360
co_a562d7e19ca05d6a8cb3,JiviAI
co_a7a93fd1930a610f099b,Vimeo
co_a7b8dbda8d6f69e78190,LSports
co_a7d87239b1892a91e516,Clari
co_a80d3c2af2fb8afdd2f6,At-Bay
co_a913f31d5d893ea7c33a,Staffbase
co_a94c6a282a7b4e3e7b01,reAlpha
co_a9d35ae9c3c32b5e42dd,SAS
co_aa3c2ec784902b90f54d,Acko
co_aa669b285cc133bf8440,Cisco
co_ab8a4f6bb84d161b3622,PayPal
co_ac933c4a1a00d7cfd140,Dandy
co_adf040fe0f12f722a813,Tailwind Labs
co_b10b62b756b3c39af220,Jumia
co_b1cc2e711844d63d9a85,Ethereum Foundation
co_b1fdf767738c8a27f327,Kraken
co_b2a940b2a2ea3fe619e3,Paytm
co_b3e68ca297051f8c07fe,Fi.Money
co_b454ae2cd2323c4a45e9,CompanyCam
co_b63b20d5b5699a250b11,Atlassian
co_b6b5734c1220c826746d,Roof Stacks
co_b7810523dc0d1526a6a7,StarkWare
co_b7e1d7cbca1b1a49b700,Microsoft (Xbox)
co_b839ac795f4853bf5533,Foretellix
co_b8f4e54cebf8bfba30d9,GoPro
co_ba1ad42e320edcc0a0ae,Remarkable
co_baa25eb4ed6ca6eda34b,Dune
co_bb846881f6a5075c967b,Entropy
co_bbc323fb4c8234bba43e,Smartsheet
co_bd1530f9ec9362a639da,StoreDot
co_bfcccea7caaf456c3977,Zencity
co_c068323e5e42d4351d41,Cars.com
co_c158cd694df3b8cfb5c9,Arctic Wolf
co_c19a21d383cbd7862cd3,Adda247
co_c1e8ed658c48f181f559,Veritone
co_c21405f3c0362490b9e3,Epidemic Sound
co_c3d69acfd67b67d0d639,Noa Technologies
co_c45e764fb05d335c69a5,InvestCloud
co_c5c37308cf077a06880f,Expedia
co_c65ad3c6664316849936,Algorand Foundation
co_c709e228ccedb37230d7,Marketsource
co_c72701efa68efdfefa26,Pentera
co_c908d13f30325965c725,ASML
co_cc053368683b69b4baac,Cyberbit
co_cca2be3c517203653330,Zipcar
co_cd2d0c794ea84f3eacc2,UKG
co_ce770667e5f9b0d8f553,Google
co_cee2652a1da7abdbe0d8,91Trucks
co_cfe512a4e895ab5e9eaf,IAC
co_d0453d627595b632db6c,Codecademy
co_d1d87744c691e95de450,Autodesk
co_d32cd0ea4dfcd4333d4c,Bungie
co_d49141c7a3deed2186c7,Nayax
co_d5ad44951723e51dba15,Snyk
co_d5d196453d76412891c0,SentinelOne
co_d60cd57ae5bd4fda3c0f,ADP
co_db1119076d568c39d8bc,Sonos
co_dc7620ebfc35d54ef34e,Oracle
co_dd2ab88fd55761022915,Interview Kickstart
co_dd84425b72da12c6c828,LinkedIn
co_ddb8e439b1bf0bc95a8e,Trend Micro
co_df125aa38b9295e38df7,Envato
co_df1891814b7ff047cb93,Quora
co_df853f864c74fa85acd3,Huawei
co_e05580206209d3abf028,Rapyd
co_e22e35181af3fdb89667,Verint Systems
co_e35c40edf9819dd4f14d,Workday
co_e4459b69f687af779ac1,Webflow
co_e5210ed1b0da0e70f194,Equip Health
co_e6850d6297dd4a177486,Freshworks
co_e6b8d9474f34a7eb96cb,Groupon
co_e7b6fd1f0c002c32117c,NeuroPixel.AI
co_e85ad4b4e15a1717cf1b,Taboola
co_e9c5e07631ef4658d1b0,Dell
co_ea0151c4cf78b351118d,Bolt
co_ea4a89f1080dddd8c2d2,Lightricks
co_eb088a2fe645d2a869a0,Supernal
co_ec8d4f3ebc78626869eb,SoundThinking
co_eca504778d397e078857,Eventbrite
co_edafde8d2d88fbb5100a,MARA
co_f08991e36c9780c84de3,Zupee
co_f1bd4a5c1cab487a27e0,Lazada Group
co_f2697f5ff5f8bd9ca6ea,Axonius
co_f64b116971b42ca8e9e3,Careem
co_f6ece80b88d6dfbd2f65,Gemini
co_f9191531404c401686ab,Cloudflare
co_fcc4fda748a5ab7a02bd,MicroVision
co_fe9e1742e08f1560c941,Productboard
co_ff98d8a1e29266f6ad01,Peloton
