record_id,tracker,retrieved_date,tracker_date
layoff-2026-164,layoffs.fyi,2026-09-17,2026-06-30
layoff-2026-165,layoffs.fyi,2026-09-17,2026-06-29
layoff-2026-166,layoffs.fyi,2026-09-17,2026-06-29
layoff-2026-167,layoffs.fyi,2026-09-17,2026-06-26
layoff-2026-168,layoffs.fyi,2026-09-17,2026-06-26
layoff-2026-169,layoffs.fyi,2026-09-17,2026-06-26
layoff-2026-170,layoffs.fyi,2026-09-17,2026-06-26
layoff-2026-171,layoffs.fyi,2026-09-17,2026-06-26
layoff-2026-172,layoffs.fyi,2026-09-17,2026-06-25
layoff-2026-173,layoffs.fyi,2026-09-17,2026-06-25
layoff-2026-174,layoffs.fyi,2026-09-17,2026-06-25
layoff-2026-175,layoffs.fyi,2026-09-17,2026-06-24
layoff-2026-176,layoffs.fyi,2026-09-17,2026-06-24
layoff-2026-177,layoffs.fyi,2026-09-17,2026-06-24
layoff-2026-178,layoffs.fyi,2026-09-17,2026-06-23
layoff-2026-179,layoffs.fyi,2026-09-17,2026-06-23
layoff-2026-180,layoffs.fyi,2026-09-17,2026-06-23
layoff-2026-181,layoffs.fyi,2026-09-17,2026-06-22
layoff-2026-182,layoffs.fyi,2026-09-17,2026-06-22
layoff-2026-183,layoffs.fyi,2026-09-17,2026-06-22
layoff-2026-184,layoffs.fyi,2026-09-17,2026-06-17
layoff-2026-185,layoffs.fyi,2026-09-17,2026-06-17
layoff-2026-186,layoffs.fyi,2026-09-17,2026-06-16
layoff-2026-187,layoffs.fyi,2026-09-17,2026-06-16
layoff-2026-188,layoffs.fyi,2026-09-17,2026-06-16
layoff-2026-189,layoffs.fyi,2026-09-17,2026-06-16
layoff-2026-190,layoffs.fyi,2026-09-17,2026-06-16
layoff-2026-191,layoffs.fyi,2026-09-17,2026-06-12
layoff-2026-192,layoffs.fyi,2026-09-17,2026-06-11
layoff-2026-193,layoffs.fyi,2026-09-17,2026-06-10
layoff-2026-194,layoffs.fyi,2026-09-17,2026-06-10
layoff-2026-195,layoffs.fyi,2026-09-17,2026-06-10
layoff-2026-196,layoffs.fyi,2026-09-17,2026-06-09
layoff-2026-197,layoffs.fyi,2026-09-17,2026-06-09
layoff-2026-198,layoffs.fyi,2026-09-17,2026-06-09
layoff-2026-199,layoffs.fyi,2026-09-17,2026-06-08
layoff-2026-200,layoffs.fyi,2026-09-17,2026-06-08
layoff-2026-201,layoffs.fyi,2026-09-17,2026-06-07
layoff-2026-202,layoffs.fyi,2026-09-17,2026-06-05
layoff-2026-203,layoffs.fyi,2026-09-17,2026-06-05
layoff-2026-204,layoffs.fyi,2026-09-17,2026-06-04
layoff-2026-205,layoffs.fyi,2026-09-17,2026-06-03
layoff-2026-206,layoffs.fyi,2026-09-17,2026-06-03
layoff-2026-207,layoffs.fyi,2026-09-17,2026-06-02
layoff-2026-208,layoffs.fyi,2026-09-17,2026-06-02
layoff-2026-209,layoffs.fyi,2026-09-17,2026-06-01
layoff-2026-210,layoffs.fyi,2026-09-17,2026-05-30
layoff-2026-211,layoffs.fyi,2026-09-17,2026-05-29
layoff-2026-212,layoffs.fyi,2026-09-17,2026-05-29
layoff-2026-213,layoffs.fyi,2026-09-17,2026-05-28
layoff-2026-214,layoffs.fyi,2026-09-17,2026-05-28
layoff-2026-215,layoffs.fyi,2026-09-17,2026-05-28
layoff-2026-216,layoffs.fyi,2026-09-17,2026-05-27
layoff-2026-217,layoffs.fyi,2026-09-17,2026-05-27
layoff-2026-218,layoffs.fyi,2026-09-17,2026-05-26
layoff-2026-219,layoffs.fyi,2026-09-17,2026-05-26
layoff-2026-220,layoffs.fyi,2026-09-17,2026-05-26
layoff-2026-221,layoffs.fyi,2026-09-17,2026-05-12
layoff-2026-222,layoffs.fyi,2026-09-17,2026-04-22
layoff-2026-223,layoffs.fyi,2026-09-17,2026-04-21
layoff-2026-224,layoffs.fyi,2026-09-17,2026-04-20
layoff-2026-225,layoffs.fyi,2026-09-17,2026-04-09
layoff-2026-226,layoffs.fyi,2026-09-17,2026-03-31
layoff-2026-227,layoffs.fyi,2026-09-17,2026-03-24
layoff-2026-228,layoffs.fyi,2026-09-17,2026-03-18
layoff-2026-229,layoffs.fyi,2026-09-17,2026-03-12
layoff-2026-230,layoffs.fyi,2026-09-17,2026-03-05
layoff-2026-231,layoffs.fyi,2026-09-17,2026-02-18
layoff-2026-232,layoffs.fyi,2026-09-17,2026-02-09
layoff-2026-233,layoffs.fyi,2026-09-17,2026-01-15
layoff-2026-234,layoffs.fyi,2026-09-17,2026-01-13
layoff-2026-235,layoffs.fyi,2026-09-17,2026-06-03
