evidence_id,function_code
layoff-2026-005_function_0,sales
layoff-2026-006_function_0,engineering
layoff-2026-007_function_0,manufacturing
layoff-2026-008_function_0,content
layoff-2026-008_function_0,product_design
layoff-2026-015_function_0,engineering
layoff-2026-015_function_0,sales
layoff-2026-018_function_0,sales
layoff-2026-019_function_0,sales
layoff-2026-025_function_0,engineering
layoff-2026-025_function_0,it_security
layoff-2026-029_function_0,engineering
layoff-2026-034_function_0,engineering
layoff-2026-036_function_0,operations
layoff-2026-037_function_0,data
layoff-2026-037_function_0,marketing
layoff-2026-037_function_0,product_design
layoff-2026-042_function_0,marketing
layoff-2026-042_function_0,sales
layoff-2026-043_function_0,engineering
layoff-2026-044_function_0,engineering
layoff-2026-046_function_0,content
layoff-2026-047_function_0,marketing
layoff-2026-047_function_0,operations
layoff-2026-047_function_0,product_design
layoff-2026-047_function_0,sales
layoff-2026-049_function_0,engineering
layoff-2026-049_function_0,people
layoff-2026-051_function_0,engineering
layoff-2026-051_function_0,product_design
layoff-2026-051_function_0,support
layoff-2026-057_function_0,marketing
layoff-2026-057_function_0,operations
layoff-2026-057_function_0,product_design
layoff-2026-057_function_0,support
layoff-2026-061_function_0,engineering
layoff-2026-067_function_0,engineering
layoff-2026-074_function_0,content
layoff-2026-076_function_0,content
layoff-2026-078_function_0,support
layoff-2026-089_function_0,marketing
layoff-2026-094_function_0,engineering
layoff-2026-094_function_0,product_design
layoff-2026-098_function_0,corporate
layoff-2026-102_function_0,engineering
layoff-2026-112_function_0,corporate
layoff-2026-120_function_0,corporate
layoff-2026-120_function_0,marketing
layoff-2026-121_function_0,sales
layoff-2026-123_function_0,engineering
layoff-2026-128_function_0,engineering
layoff-2026-128_function_0,marketing
layoff-2026-128_function_0,product_design
layoff-2026-128_function_0,sales
layoff-2026-131_function_0,engineering
layoff-2026-131_function_0,marketing
layoff-2026-131_function_0,operations
layoff-2026-131_function_0,product_design
layoff-2026-135_function_0,engineering
layoff-2026-135_function_0,product_design
layoff-2026-140_function_0,content
layoff-2026-140_function_0,operations
layoff-2026-140_function_0,product_design
layoff-2026-143_function_0,engineering
layoff-2026-143_function_0,support
layoff-2026-144_function_0,engineering
layoff-2026-144_function_0,marketing
layoff-2026-144_function_0,sales
layoff-2026-145_function_0,data
layoff-2026-145_function_0,engineering
layoff-2026-145_function_0,product_design
layoff-2026-149_function_0,engineering
layoff-2026-149_function_0,marketing
layoff-2026-149_function_0,product_design
layoff-2026-169_function_0,marketing
layoff-2026-173_function_0,product_design
layoff-2026-183_function_0,manufacturing
layoff-2026-189_function_0,operations
layoff-2026-191_function_0,data
layoff-2026-191_function_0,engineering
layoff-2026-191_function_0,product_design
layoff-2026-193_function_0,engineering
layoff-2026-194_function_0,operations
layoff-2026-197_function_0,corporate
layoff-2026-197_function_0,data
layoff-2026-197_function_0,engineering
layoff-2026-198_function_0,corporate
layoff-2026-198_function_0,product_design
layoff-2026-198_function_0,sales
layoff-2026-199_function_0,operations
layoff-2026-199_function_0,support
layoff-2026-201_function_0,engineering
layoff-2026-201_function_0,operations
layoff-2026-201_function_0,product_design
layoff-2026-202_function_0,engineering
layoff-2026-202_function_0,sales
layoff-2026-202_function_0,support
layoff-2026-204_function_0,it_security
layoff-2026-205_function_0,people
layoff-2026-209_function_0,engineering
layoff-2026-209_function_0,product_design
layoff-2026-210_function_0,content
layoff-2026-210_function_0,corporate
layoff-2026-210_function_0,engineering
layoff-2026-210_function_0,it_security
layoff-2026-210_function_0,marketing
layoff-2026-210_function_0,people
layoff-2026-210_function_0,product_design
layoff-2026-210_function_0,support
layoff-2026-217_function_0,engineering
layoff-2026-217_function_0,product_design
layoff-2026-217_function_0,sales
layoff-2026-221_function_0,engineering
layoff-2026-225_function_0,engineering
layoff-2026-225_function_0,it_security
layoff-2026-225_function_0,marketing
layoff-2026-225_function_0,support
layoff-2026-229_function_0,engineering
layoff-2026-229_function_0,operations
layoff-2026-233_function_0,corporate
layoff-2026-233_function_0,people
layoff-2026-233_function_0,product_design
