record_id,function_code
layoff-2026-005,sales
layoff-2026-006,engineering
layoff-2026-007,manufacturing
layoff-2026-008,content
layoff-2026-008,product_design
layoff-2026-015,engineering
layoff-2026-015,sales
layoff-2026-018,sales
layoff-2026-019,sales
layoff-2026-025,engineering
layoff-2026-025,it_security
layoff-2026-029,engineering
layoff-2026-034,engineering
layoff-2026-036,operations
layoff-2026-037,data
layoff-2026-037,marketing
layoff-2026-037,product_design
layoff-2026-042,marketing
layoff-2026-042,sales
layoff-2026-043,engineering
layoff-2026-044,engineering
layoff-2026-046,content
layoff-2026-047,marketing
layoff-2026-047,operations
layoff-2026-047,product_design
layoff-2026-047,sales
layoff-2026-049,engineering
layoff-2026-049,people
layoff-2026-051,engineering
layoff-2026-051,product_design
layoff-2026-051,support
layoff-2026-057,marketing
layoff-2026-057,operations
layoff-2026-057,product_design
layoff-2026-057,support
layoff-2026-061,engineering
layoff-2026-067,engineering
layoff-2026-074,content
layoff-2026-076,content
layoff-2026-078,support
layoff-2026-089,marketing
layoff-2026-094,engineering
layoff-2026-094,product_design
layoff-2026-098,corporate
layoff-2026-102,engineering
layoff-2026-112,corporate
layoff-2026-120,corporate
layoff-2026-120,marketing
layoff-2026-121,sales
layoff-2026-123,engineering
layoff-2026-128,engineering
layoff-2026-128,marketing
layoff-2026-128,product_design
layoff-2026-128,sales
layoff-2026-131,engineering
layoff-2026-131,marketing
layoff-2026-131,operations
layoff-2026-131,product_design
layoff-2026-135,engineering
layoff-2026-135,product_design
layoff-2026-140,content
layoff-2026-140,operations
layoff-2026-140,product_design
layoff-2026-143,engineering
layoff-2026-143,support
layoff-2026-144,engineering
layoff-2026-144,marketing
layoff-2026-144,sales
layoff-2026-145,data
layoff-2026-145,engineering
layoff-2026-145,product_design
layoff-2026-149,engineering
layoff-2026-149,marketing
layoff-2026-149,product_design
layoff-2026-169,marketing
layoff-2026-173,product_design
layoff-2026-183,manufacturing
layoff-2026-189,operations
layoff-2026-191,data
layoff-2026-191,engineering
layoff-2026-191,product_design
layoff-2026-193,engineering
layoff-2026-194,operations
layoff-2026-197,corporate
layoff-2026-197,data
layoff-2026-197,engineering
layoff-2026-198,corporate
layoff-2026-198,product_design
layoff-2026-198,sales
layoff-2026-199,operations
layoff-2026-199,support
layoff-2026-201,engineering
layoff-2026-201,operations
layoff-2026-201,product_design
layoff-2026-202,engineering
layoff-2026-202,sales
layoff-2026-202,support
layoff-2026-204,it_security
layoff-2026-205,people
layoff-2026-209,engineering
layoff-2026-209,product_design
layoff-2026-210,content
layoff-2026-210,corporate
layoff-2026-210,engineering
layoff-2026-210,it_security
layoff-2026-210,marketing
layoff-2026-210,people
layoff-2026-210,product_design
layoff-2026-210,support
layoff-2026-217,engineering
layoff-2026-217,product_design
layoff-2026-217,sales
layoff-2026-221,engineering
layoff-2026-225,engineering
layoff-2026-225,it_security
layoff-2026-225,marketing
layoff-2026-225,support
layoff-2026-229,engineering
layoff-2026-229,operations
layoff-2026-233,corporate
layoff-2026-233,people
layoff-2026-233,product_design
