record_id,source_id,role
layoff-2026-001,src_26fdadf2a563b8d6c079,record_review
layoff-2026-001,src_8f601757d778f1f7046e,record_review
layoff-2026-002,src_2afcf43cc5c8bf45b0dc,record_review
layoff-2026-002,src_2afcf43cc5c8bf45b0dc,work_review
layoff-2026-002,src_675423b86ccab12c3d7a,record_review
layoff-2026-002,src_675423b86ccab12c3d7a,work_review
layoff-2026-003,src_843a8f2ca1378b5eddce,record_review
layoff-2026-003,src_843a8f2ca1378b5eddce,work_review
layoff-2026-004,src_21678cbe75c11f754beb,record_review
layoff-2026-004,src_21678cbe75c11f754beb,work_review
layoff-2026-005,src_011cc36042e70db29457,record_review
layoff-2026-005,src_011cc36042e70db29457,work_review
layoff-2026-005,src_5dc19f42157b3dd423e5,record_review
layoff-2026-005,src_5dc19f42157b3dd423e5,work_review
layoff-2026-006,src_a1f9637478ae489e6a2d,record_review
layoff-2026-006,src_a1f9637478ae489e6a2d,work_review
layoff-2026-007,src_0192f963683e2dc43f9c,record_review
layoff-2026-007,src_0192f963683e2dc43f9c,work_review
layoff-2026-007,src_b88f06b42cd315645592,record_review
layoff-2026-007,src_b88f06b42cd315645592,work_review
layoff-2026-008,src_6445a5ba8894d693386a,record_review
layoff-2026-008,src_6445a5ba8894d693386a,work_review
layoff-2026-008,src_65ec8191d5f8a27c21c1,record_review
layoff-2026-008,src_65ec8191d5f8a27c21c1,work_review
layoff-2026-009,src_5b75d6889750be937394,record_review
layoff-2026-009,src_5b75d6889750be937394,work_review
layoff-2026-009,src_b13e19e4dea6a96dd401,record_review
layoff-2026-009,src_b13e19e4dea6a96dd401,work_review
layoff-2026-010,src_0e1a5c0ec4f83b879a1a,record_review
layoff-2026-010,src_0e1a5c0ec4f83b879a1a,work_review
layoff-2026-011,src_2f54aaecd1989a5e319a,generic_review
layoff-2026-011,src_2f54aaecd1989a5e319a,record_review
layoff-2026-011,src_2f54aaecd1989a5e319a,work_review
layoff-2026-012,src_2ab9990d09cd71eb2955,generic_review
layoff-2026-012,src_2ab9990d09cd71eb2955,record_review
layoff-2026-012,src_2ab9990d09cd71eb2955,work_review
layoff-2026-012,src_7025b4c16af50c477f9d,generic_review
layoff-2026-012,src_7025b4c16af50c477f9d,record_review
layoff-2026-012,src_7025b4c16af50c477f9d,work_review
layoff-2026-012,src_7ce8f09f5d05aab09a78,generic_review
layoff-2026-013,src_6d3787c7a8b2a420f2c4,record_review
layoff-2026-013,src_6d3787c7a8b2a420f2c4,work_review
layoff-2026-014,src_b11343d5be9c9845c12d,record_review
layoff-2026-014,src_b11343d5be9c9845c12d,work_review
layoff-2026-014,src_ff1600eb016dec79ea62,record_review
layoff-2026-014,src_ff1600eb016dec79ea62,work_review
layoff-2026-015,src_b7c1a988d427f63d2af0,record_review
layoff-2026-015,src_b7c1a988d427f63d2af0,work_review
layoff-2026-015,src_bb15daf6933140109bf9,record_review
layoff-2026-015,src_bb15daf6933140109bf9,work_review
layoff-2026-016,src_ab00aa4aa4013147da72,record_review
layoff-2026-016,src_ab00aa4aa4013147da72,work_review
layoff-2026-017,src_479f64e175133d65da24,record_review
layoff-2026-017,src_4a5fbe16ca7aba7c16d4,record_review
layoff-2026-017,src_4a5fbe16ca7aba7c16d4,work_review
layoff-2026-017,src_8d34e20228570d0f67c7,record_review
layoff-2026-017,src_8d34e20228570d0f67c7,work_review
layoff-2026-018,src_265ff9357fe7a5434216,record_review
layoff-2026-018,src_265ff9357fe7a5434216,work_review
layoff-2026-018,src_4828391f332e6f02a96d,record_review
layoff-2026-018,src_4828391f332e6f02a96d,work_review
layoff-2026-019,src_34ff43ba7842985f4104,record_review
layoff-2026-019,src_34ff43ba7842985f4104,work_review
layoff-2026-020,src_9f4bb4516c19da0fa0e9,record_review
layoff-2026-020,src_9f4bb4516c19da0fa0e9,work_review
layoff-2026-021,src_9c9f1310a069501a599b,record_review
layoff-2026-021,src_9c9f1310a069501a599b,work_review
layoff-2026-022,src_e471051f3f5cb7e173ac,record_review
layoff-2026-022,src_e471051f3f5cb7e173ac,work_review
layoff-2026-022,src_f4b411b12eedfd1a4184,record_review
layoff-2026-022,src_f4b411b12eedfd1a4184,work_review
layoff-2026-023,src_3413bd0fd5ef5c9b8d47,generic_review
layoff-2026-023,src_3413bd0fd5ef5c9b8d47,record_review
layoff-2026-023,src_3413bd0fd5ef5c9b8d47,work_review
layoff-2026-024,src_7f52bcbd04dce32798b5,record_review
layoff-2026-024,src_7f52bcbd04dce32798b5,work_review
layoff-2026-024,src_8e0def7de1651a7ddcfe,record_review
layoff-2026-024,src_8e0def7de1651a7ddcfe,work_review
layoff-2026-025,src_36171da3c2e2b8cdbf13,record_review
layoff-2026-025,src_36171da3c2e2b8cdbf13,work_review
layoff-2026-026,src_1570434e8c7820b93266,record_review
layoff-2026-026,src_1570434e8c7820b93266,work_review
layoff-2026-027,src_02f5b6e9493c5a8479b2,record_review
layoff-2026-027,src_02f5b6e9493c5a8479b2,work_review
layoff-2026-027,src_c9822a1ea25e746a4345,record_review
layoff-2026-027,src_c9822a1ea25e746a4345,work_review
layoff-2026-028,src_114a222a9fa01676cd35,generic_review
layoff-2026-028,src_114a222a9fa01676cd35,record_review
layoff-2026-028,src_114a222a9fa01676cd35,work_review
layoff-2026-028,src_5d4eab28c88a4c8d272f,generic_review
layoff-2026-028,src_5d4eab28c88a4c8d272f,record_review
layoff-2026-028,src_5d4eab28c88a4c8d272f,work_review
layoff-2026-028,src_78f45ce08f710b0cd117,generic_review
layoff-2026-028,src_78f45ce08f710b0cd117,record_review
layoff-2026-028,src_78f45ce08f710b0cd117,work_review
layoff-2026-029,src_ac1213bc7efe6b81b75f,record_review
layoff-2026-029,src_ac1213bc7efe6b81b75f,work_review
layoff-2026-029,src_d6aab830d998f59640c3,record_review
layoff-2026-029,src_d6aab830d998f59640c3,work_review
layoff-2026-030,src_a5b84722ce31233aa969,record_review
layoff-2026-030,src_a5b84722ce31233aa969,work_review
layoff-2026-030,src_dd01a855c1651fa6be5b,record_review
layoff-2026-030,src_dd01a855c1651fa6be5b,work_review
layoff-2026-031,src_84ea000bbfa9f51b1617,record_review
layoff-2026-031,src_84ea000bbfa9f51b1617,work_review
layoff-2026-031,src_9f1b376a9299d310873c,record_review
layoff-2026-031,src_9f1b376a9299d310873c,work_review
layoff-2026-032,src_a57c3f7ddaf14c0c389e,record_review
layoff-2026-032,src_a57c3f7ddaf14c0c389e,work_review
layoff-2026-032,src_a5b671f31e86e556b946,record_review
layoff-2026-032,src_a5b671f31e86e556b946,work_review
layoff-2026-033,src_7bb4affbb4b48590e84e,record_review
layoff-2026-033,src_7bb4affbb4b48590e84e,work_review
layoff-2026-034,src_921f15a1a841b788f477,record_review
layoff-2026-034,src_921f15a1a841b788f477,work_review
layoff-2026-035,src_b88e8a8181c50424e186,generic_review
layoff-2026-035,src_b88e8a8181c50424e186,record_review
layoff-2026-035,src_b88e8a8181c50424e186,work_review
layoff-2026-036,src_3e73a3a62029148bd200,generic_review
layoff-2026-036,src_3e73a3a62029148bd200,record_review
layoff-2026-036,src_3e73a3a62029148bd200,work_review
layoff-2026-036,src_4283257ce2ce5bdaaeb9,generic_review
layoff-2026-036,src_4283257ce2ce5bdaaeb9,record_review
layoff-2026-036,src_4283257ce2ce5bdaaeb9,work_review
layoff-2026-037,src_0ec9774d2deac6dd4cd0,record_review
layoff-2026-037,src_46036ab4f5f0b1d34bf6,record_review
layoff-2026-037,src_46036ab4f5f0b1d34bf6,work_review
layoff-2026-037,src_d21b69d2d71b0dfab628,record_review
layoff-2026-037,src_d21b69d2d71b0dfab628,work_review
layoff-2026-038,src_16c7640bd4c526efe631,record_review
layoff-2026-038,src_16c7640bd4c526efe631,work_review
layoff-2026-038,src_96fc3b725c56813ed44f,record_review
layoff-2026-038,src_96fc3b725c56813ed44f,work_review
layoff-2026-040,src_075dc0dcdc200ab806ce,generic_review
layoff-2026-040,src_075dc0dcdc200ab806ce,record_review
layoff-2026-040,src_075dc0dcdc200ab806ce,work_review
layoff-2026-040,src_3c8b9fbfcbc3f099a90e,generic_review
layoff-2026-040,src_3c8b9fbfcbc3f099a90e,record_review
layoff-2026-040,src_7a8454f9820089a84f67,generic_review
layoff-2026-040,src_7a8454f9820089a84f67,record_review
layoff-2026-040,src_7a8454f9820089a84f67,work_review
layoff-2026-041,src_326e8c9218ec8afa5a33,record_review
layoff-2026-041,src_326e8c9218ec8afa5a33,work_review
layoff-2026-042,src_41435b45d764e14ac2e1,record_review
layoff-2026-042,src_41435b45d764e14ac2e1,work_review
layoff-2026-043,src_dd660c455e5eb4fbfc46,record_review
layoff-2026-043,src_dd660c455e5eb4fbfc46,work_review
layoff-2026-044,src_644bae172dd33ca77884,record_review
layoff-2026-044,src_644bae172dd33ca77884,work_review
layoff-2026-045,src_75c0e3ddbcd72b5b9953,record_review
layoff-2026-045,src_75c0e3ddbcd72b5b9953,work_review
layoff-2026-046,src_a8adb8d4c879bf194c33,record_review
layoff-2026-046,src_a8adb8d4c879bf194c33,work_review
layoff-2026-046,src_afe7e741fc987ab6e4fc,record_review
layoff-2026-047,src_742535d001dc0091b706,record_review
layoff-2026-047,src_742535d001dc0091b706,work_review
layoff-2026-048,src_552fa56ec14458a4acb3,record_review
layoff-2026-048,src_552fa56ec14458a4acb3,work_review
layoff-2026-049,src_54164919725949b8ef86,generic_review
layoff-2026-049,src_54164919725949b8ef86,record_review
layoff-2026-049,src_54164919725949b8ef86,work_review
layoff-2026-050,src_422ed008a01e78116f12,record_review
layoff-2026-050,src_422ed008a01e78116f12,work_review
layoff-2026-050,src_6f5bded89e5b2e55382a,record_review
layoff-2026-050,src_6f5bded89e5b2e55382a,work_review
layoff-2026-051,src_379d0a01b5956f8e2e41,record_review
layoff-2026-051,src_379d0a01b5956f8e2e41,work_review
layoff-2026-051,src_f1fbe8e8d9355b7f20f5,record_review
layoff-2026-051,src_f1fbe8e8d9355b7f20f5,work_review
layoff-2026-052,src_3f543f3da4fe8e56b6fa,record_review
layoff-2026-052,src_3f543f3da4fe8e56b6fa,work_review
layoff-2026-052,src_b5b589e078221cc969df,record_review
layoff-2026-052,src_b5b589e078221cc969df,work_review
layoff-2026-053,src_a856a1d92d4f151adebb,record_review
layoff-2026-053,src_a856a1d92d4f151adebb,work_review
layoff-2026-054,src_1be17cbd5eb40044f9e8,record_review
layoff-2026-054,src_1be17cbd5eb40044f9e8,work_review
layoff-2026-054,src_cc7e8e4fcf08b6389aea,record_review
layoff-2026-054,src_cc7e8e4fcf08b6389aea,work_review
layoff-2026-055,src_2842ae78b81821a6d8c1,record_review
layoff-2026-055,src_2842ae78b81821a6d8c1,work_review
layoff-2026-055,src_e90c74a75c3fe143a348,record_review
layoff-2026-055,src_e90c74a75c3fe143a348,work_review
layoff-2026-056,src_b73591b7d861bc20b445,record_review
layoff-2026-056,src_b73591b7d861bc20b445,work_review
layoff-2026-056,src_f02582462e1a4cd07b33,record_review
layoff-2026-056,src_f02582462e1a4cd07b33,work_review
layoff-2026-057,src_c886730b84a3bd34b5f4,record_review
layoff-2026-057,src_c886730b84a3bd34b5f4,work_review
layoff-2026-058,src_65c850db2e77f3ac4af3,record_review
layoff-2026-058,src_65c850db2e77f3ac4af3,work_review
layoff-2026-059,src_7ac4d2123ea24cfe5c15,record_review
layoff-2026-059,src_7ac4d2123ea24cfe5c15,work_review
layoff-2026-059,src_c7002512c02c418e8d9c,record_review
layoff-2026-059,src_c7002512c02c418e8d9c,work_review
layoff-2026-060,src_349fb60f4bfab723b907,generic_review
layoff-2026-060,src_349fb60f4bfab723b907,record_review
layoff-2026-060,src_349fb60f4bfab723b907,work_review
layoff-2026-060,src_752617e203d710a1f5b0,generic_review
layoff-2026-060,src_752617e203d710a1f5b0,record_review
layoff-2026-060,src_752617e203d710a1f5b0,work_review
layoff-2026-060,src_c3769083f18bafb894ec,generic_review
layoff-2026-061,src_0d6531b964054f702222,record_review
layoff-2026-061,src_0d6531b964054f702222,work_review
layoff-2026-062,src_98e0b6209502505170d5,record_review
layoff-2026-062,src_98e0b6209502505170d5,work_review
layoff-2026-063,src_9e3ac7dd01327183c6f6,record_review
layoff-2026-063,src_9e3ac7dd01327183c6f6,work_review
layoff-2026-064,src_57b983c28b31b1c17a3e,generic_review
layoff-2026-064,src_57b983c28b31b1c17a3e,record_review
layoff-2026-064,src_57b983c28b31b1c17a3e,work_review
layoff-2026-065,src_d3ceb54a730a09b5fdf9,record_review
layoff-2026-065,src_d3ceb54a730a09b5fdf9,work_review
layoff-2026-066,src_9d9eb1c9b4afa65c97e9,record_review
layoff-2026-066,src_9d9eb1c9b4afa65c97e9,work_review
layoff-2026-066,src_ff6e42a7b6a576ceb8da,record_review
layoff-2026-066,src_ff6e42a7b6a576ceb8da,work_review
layoff-2026-067,src_a942fadaff63e40d6216,record_review
layoff-2026-067,src_a942fadaff63e40d6216,work_review
layoff-2026-067,src_bbefc935918809022f3d,record_review
layoff-2026-067,src_bbefc935918809022f3d,work_review
layoff-2026-067,src_f3bba61627d4b24d006b,work_review
layoff-2026-068,src_09ab689e89a7088872cb,record_review
layoff-2026-068,src_09ab689e89a7088872cb,work_review
layoff-2026-069,src_152929fdae1b31c45186,generic_review
layoff-2026-069,src_152929fdae1b31c45186,record_review
layoff-2026-069,src_152929fdae1b31c45186,work_review
layoff-2026-070,src_35b3fea762677fedfebb,generic_review
layoff-2026-070,src_626a1a989a983e490ed3,generic_review
layoff-2026-070,src_626a1a989a983e490ed3,record_review
layoff-2026-070,src_626a1a989a983e490ed3,work_review
layoff-2026-070,src_bb70227513ccb9f35c6b,generic_review
layoff-2026-070,src_bb70227513ccb9f35c6b,record_review
layoff-2026-070,src_bb70227513ccb9f35c6b,work_review
layoff-2026-071,src_3321703f7daf6d7b99a7,record_review
layoff-2026-071,src_aa07b1752e98cdd7fcb9,record_review
layoff-2026-072,src_079c6f7c0c8bf33a9c11,record_review
layoff-2026-072,src_079c6f7c0c8bf33a9c11,work_review
layoff-2026-073,src_abafad4f918716278015,record_review
layoff-2026-073,src_abafad4f918716278015,work_review
layoff-2026-073,src_d0026afec35ac5e46ffc,record_review
layoff-2026-073,src_d0026afec35ac5e46ffc,work_review
layoff-2026-074,src_028dcaec1391c3c060fd,generic_review
layoff-2026-074,src_4fba3c91d5b7da1609ac,generic_review
layoff-2026-074,src_a80359751eea71d6a200,generic_review
layoff-2026-074,src_a80359751eea71d6a200,record_review
layoff-2026-074,src_a80359751eea71d6a200,work_review
layoff-2026-075,src_ae74bc76000b0b9f94bb,record_review
layoff-2026-075,src_ae74bc76000b0b9f94bb,work_review
layoff-2026-075,src_edab231affb8491e5ef8,record_review
layoff-2026-075,src_edab231affb8491e5ef8,work_review
layoff-2026-076,src_1c819682f54b68702e2f,record_review
layoff-2026-076,src_1c819682f54b68702e2f,work_review
layoff-2026-076,src_6cf274223009e3fd1c3e,record_review
layoff-2026-076,src_6cf274223009e3fd1c3e,work_review
layoff-2026-076,src_bcce98344941cb0c1369,record_review
layoff-2026-076,src_bcce98344941cb0c1369,work_review
layoff-2026-077,src_9513906047389ea1d637,record_review
layoff-2026-077,src_9513906047389ea1d637,work_review
layoff-2026-078,src_39e1db3f128e3c2a5ff0,generic_review
layoff-2026-078,src_39e1db3f128e3c2a5ff0,record_review
layoff-2026-078,src_39e1db3f128e3c2a5ff0,work_review
layoff-2026-079,src_18e61470c521c3b388aa,record_review
layoff-2026-079,src_18e61470c521c3b388aa,work_review
layoff-2026-080,src_01ffc3e52f8aedf6b7a6,generic_review
layoff-2026-080,src_01ffc3e52f8aedf6b7a6,record_review
layoff-2026-080,src_01ffc3e52f8aedf6b7a6,work_review
layoff-2026-080,src_8054834567879633f1b8,generic_review
layoff-2026-080,src_8054834567879633f1b8,record_review
layoff-2026-080,src_8054834567879633f1b8,work_review
layoff-2026-080,src_9c1f985cca7214cc75de,generic_review
layoff-2026-080,src_9c1f985cca7214cc75de,record_review
layoff-2026-081,src_64699b049bbc2d1816c4,record_review
layoff-2026-081,src_64699b049bbc2d1816c4,work_review
layoff-2026-082,src_7ae22d6b47e2b5a0560e,record_review
layoff-2026-082,src_7ae22d6b47e2b5a0560e,work_review
layoff-2026-082,src_e0fe92861eb051ddfc57,record_review
layoff-2026-082,src_e0fe92861eb051ddfc57,work_review
layoff-2026-083,src_4faa72f4b051b0e7ad94,record_review
layoff-2026-083,src_4faa72f4b051b0e7ad94,work_review
layoff-2026-083,src_f37690a3525941308d82,record_review
layoff-2026-083,src_f37690a3525941308d82,work_review
layoff-2026-084,src_92e4460c1f4f3f1b4769,record_review
layoff-2026-084,src_92e4460c1f4f3f1b4769,work_review
layoff-2026-085,src_047020438b055f6629fe,record_review
layoff-2026-085,src_047020438b055f6629fe,work_review
layoff-2026-085,src_66c1dbdd5adb859d99aa,record_review
layoff-2026-085,src_66c1dbdd5adb859d99aa,work_review
layoff-2026-086,src_399ce87c8e72f98c2a3a,generic_review
layoff-2026-086,src_399ce87c8e72f98c2a3a,record_review
layoff-2026-086,src_399ce87c8e72f98c2a3a,work_review
layoff-2026-086,src_9f6d3041c6dac06e7f91,generic_review
layoff-2026-086,src_9f6d3041c6dac06e7f91,record_review
layoff-2026-086,src_dd52464ac3bc47927779,generic_review
layoff-2026-086,src_dd52464ac3bc47927779,record_review
layoff-2026-086,src_dd52464ac3bc47927779,work_review
layoff-2026-087,src_7a79581004e721bd338a,record_review
layoff-2026-087,src_7a79581004e721bd338a,work_review
layoff-2026-088,src_98d512b832b1cc3ae1d1,record_review
layoff-2026-088,src_98d512b832b1cc3ae1d1,work_review
layoff-2026-089,src_38d620b72652e265b21d,record_review
layoff-2026-089,src_38d620b72652e265b21d,work_review
layoff-2026-089,src_5ab96e0322d7e436d131,record_review
layoff-2026-089,src_5ab96e0322d7e436d131,work_review
layoff-2026-090,src_3b5e1828910a3aa4ddbd,record_review
layoff-2026-090,src_3b5e1828910a3aa4ddbd,work_review
layoff-2026-091,src_929b24d9e09d75cad8db,generic_review
layoff-2026-091,src_929b24d9e09d75cad8db,record_review
layoff-2026-091,src_929b24d9e09d75cad8db,work_review
layoff-2026-092,src_c14f2afdbe675aa17c62,record_review
layoff-2026-092,src_c14f2afdbe675aa17c62,work_review
layoff-2026-093,src_479f64e175133d65da24,record_review
layoff-2026-093,src_83b03123c4dbf22c207d,record_review
layoff-2026-093,src_83b03123c4dbf22c207d,work_review
layoff-2026-093,src_880741d9e876a15844b2,record_review
layoff-2026-093,src_880741d9e876a15844b2,work_review
layoff-2026-094,src_33e46c7c9d3e6887de73,generic_review
layoff-2026-094,src_33e46c7c9d3e6887de73,record_review
layoff-2026-094,src_33e46c7c9d3e6887de73,work_review
layoff-2026-094,src_b0336804ade6cc0cf362,generic_review
layoff-2026-095,src_3964a0b480d7b8b5fbd9,generic_review
layoff-2026-095,src_696a2ea547268eaf377e,generic_review
layoff-2026-095,src_696a2ea547268eaf377e,record_review
layoff-2026-095,src_696a2ea547268eaf377e,work_review
layoff-2026-096,src_01935cd3a898cdf706f2,record_review
layoff-2026-096,src_01935cd3a898cdf706f2,work_review
layoff-2026-096,src_a2dac0f3f945d45f6f91,record_review
layoff-2026-096,src_a2dac0f3f945d45f6f91,work_review
layoff-2026-097,src_dfe5dd7d499c522e6c5b,record_review
layoff-2026-097,src_dfe5dd7d499c522e6c5b,work_review
layoff-2026-098,src_697c0bc1f9bfdd2b4d42,record_review
layoff-2026-098,src_697c0bc1f9bfdd2b4d42,work_review
layoff-2026-098,src_da4bda79776c12ff6fea,record_review
layoff-2026-098,src_da4bda79776c12ff6fea,work_review
layoff-2026-099,src_421c2ecdc6e5437ad792,record_review
layoff-2026-099,src_421c2ecdc6e5437ad792,work_review
layoff-2026-099,src_ddf04b1c9ea6ec6db8c7,record_review
layoff-2026-099,src_ddf04b1c9ea6ec6db8c7,work_review
layoff-2026-100,src_d13716603d2ca25492dd,record_review
layoff-2026-100,src_d13716603d2ca25492dd,work_review
layoff-2026-101,src_aa71dc0f628b95761010,record_review
layoff-2026-101,src_aa71dc0f628b95761010,work_review
layoff-2026-101,src_d316bfe3faf436749304,record_review
layoff-2026-101,src_d316bfe3faf436749304,work_review
layoff-2026-102,src_b723ef0d1f4e2a7d6c81,generic_review
layoff-2026-102,src_b723ef0d1f4e2a7d6c81,record_review
layoff-2026-102,src_b723ef0d1f4e2a7d6c81,work_review
layoff-2026-103,src_1539459fd8734dd2efca,generic_review
layoff-2026-103,src_1539459fd8734dd2efca,record_review
layoff-2026-103,src_1539459fd8734dd2efca,work_review
layoff-2026-103,src_766a9364011a3642fd72,generic_review
layoff-2026-103,src_766a9364011a3642fd72,record_review
layoff-2026-103,src_9838ebbe6ccdf726379f,generic_review
layoff-2026-103,src_c0e00e8825b93bb9a704,generic_review
layoff-2026-103,src_c0e00e8825b93bb9a704,record_review
layoff-2026-103,src_d64c98214555d98f42e2,generic_review
layoff-2026-103,src_d64c98214555d98f42e2,record_review
layoff-2026-103,src_d64c98214555d98f42e2,work_review
layoff-2026-104,src_b1e20cb8919873c96f13,record_review
layoff-2026-104,src_b1e20cb8919873c96f13,work_review
layoff-2026-105,src_07362e6e8f568dc08f71,record_review
layoff-2026-105,src_822ac29cb111e3ac910d,record_review
layoff-2026-106,src_1310655b015bc0c2169b,generic_review
layoff-2026-106,src_1310655b015bc0c2169b,record_review
layoff-2026-106,src_1310655b015bc0c2169b,work_review
layoff-2026-107,src_b568905b3bee836b8be0,record_review
layoff-2026-107,src_b568905b3bee836b8be0,work_review
layoff-2026-108,src_05f7d8ab7aabc1cac94a,record_review
layoff-2026-108,src_05f7d8ab7aabc1cac94a,work_review
layoff-2026-108,src_ff6e3195b1870dff4d46,record_review
layoff-2026-108,src_ff6e3195b1870dff4d46,work_review
layoff-2026-109,src_14a02edb38133c300a92,record_review
layoff-2026-109,src_14a02edb38133c300a92,work_review
layoff-2026-109,src_a59d772f41bafb131933,record_review
layoff-2026-109,src_a59d772f41bafb131933,work_review
layoff-2026-110,src_353fba4de173cd9f40a4,record_review
layoff-2026-110,src_353fba4de173cd9f40a4,work_review
layoff-2026-110,src_55f87748f8add98dad22,record_review
layoff-2026-110,src_bcf93d552e60bd633224,record_review
layoff-2026-111,src_86e777b459c690da861d,generic_review
layoff-2026-111,src_d7094cf76dfec7328d28,generic_review
layoff-2026-111,src_d7094cf76dfec7328d28,record_review
layoff-2026-111,src_d7094cf76dfec7328d28,work_review
layoff-2026-111,src_d770fd8d11583f588849,generic_review
layoff-2026-111,src_d770fd8d11583f588849,record_review
layoff-2026-111,src_d770fd8d11583f588849,work_review
layoff-2026-112,src_56c0b778351308d86dee,record_review
layoff-2026-112,src_56c0b778351308d86dee,work_review
layoff-2026-112,src_6576de5f655c280b210d,record_review
layoff-2026-112,src_6576de5f655c280b210d,work_review
layoff-2026-113,src_45260470d6b9d566c68d,record_review
layoff-2026-113,src_45260470d6b9d566c68d,work_review
layoff-2026-114,src_1289f0f8c6b2b64e5feb,record_review
layoff-2026-114,src_1289f0f8c6b2b64e5feb,work_review
layoff-2026-115,src_371b5a14eceac8dafcf4,record_review
layoff-2026-115,src_371b5a14eceac8dafcf4,work_review
layoff-2026-116,src_37cae645a0168bcd2873,record_review
layoff-2026-116,src_37cae645a0168bcd2873,work_review
layoff-2026-116,src_f2c716d79ad2156b60b0,record_review
layoff-2026-116,src_f2c716d79ad2156b60b0,work_review
layoff-2026-117,src_18228bb7d575ea952c4f,generic_review
layoff-2026-117,src_18228bb7d575ea952c4f,record_review
layoff-2026-117,src_18228bb7d575ea952c4f,work_review
layoff-2026-117,src_2fe9e5398f0d0ce0ec76,generic_review
layoff-2026-118,src_8c3d004d208fb8195cc4,record_review
layoff-2026-118,src_8c3d004d208fb8195cc4,work_review
layoff-2026-118,src_e00c5bcfb7065edfc52a,record_review
layoff-2026-118,src_e00c5bcfb7065edfc52a,work_review
layoff-2026-118,src_f1829296179365ae7505,record_review
layoff-2026-118,src_f1829296179365ae7505,work_review
layoff-2026-119,src_3739c72b0fe9f66345fa,record_review
layoff-2026-119,src_3739c72b0fe9f66345fa,work_review
layoff-2026-119,src_bcaf3d8795157fa2ce96,record_review
layoff-2026-119,src_bcaf3d8795157fa2ce96,work_review
layoff-2026-120,src_4ec39c36255e9760769a,generic_review
layoff-2026-120,src_4ec39c36255e9760769a,record_review
layoff-2026-120,src_4ec39c36255e9760769a,work_review
layoff-2026-121,src_237fff67c60240c9353f,record_review
layoff-2026-121,src_237fff67c60240c9353f,work_review
layoff-2026-122,src_2152065eccb48cb1b82d,record_review
layoff-2026-122,src_2152065eccb48cb1b82d,work_review
layoff-2026-123,src_3fea76e3b2d9b4582dec,record_review
layoff-2026-123,src_3fea76e3b2d9b4582dec,work_review
layoff-2026-124,src_6f6c593f45fbbf7c810c,record_review
layoff-2026-124,src_6f6c593f45fbbf7c810c,work_review
layoff-2026-124,src_9c920a278951b10158a8,record_review
layoff-2026-124,src_9c920a278951b10158a8,work_review
layoff-2026-125,src_0132d5177a0e588c9123,record_review
layoff-2026-125,src_0132d5177a0e588c9123,work_review
layoff-2026-125,src_53d15bcaea00222283b1,record_review
layoff-2026-125,src_53d15bcaea00222283b1,work_review
layoff-2026-126,src_2918fa4200867f9d066d,record_review
layoff-2026-126,src_2918fa4200867f9d066d,work_review
layoff-2026-126,src_49dc304ac4559f45a721,record_review
layoff-2026-126,src_49dc304ac4559f45a721,work_review
layoff-2026-126,src_f9fcb70c6b9bf6ddccf1,record_review
layoff-2026-126,src_f9fcb70c6b9bf6ddccf1,work_review
layoff-2026-127,src_aa79b1db79a05f82232d,record_review
layoff-2026-127,src_aa79b1db79a05f82232d,work_review
layoff-2026-128,src_e5e74306d1778e72ff99,record_review
layoff-2026-128,src_e5e74306d1778e72ff99,work_review
layoff-2026-129,src_fb7d7506306767173a05,record_review
layoff-2026-129,src_fb7d7506306767173a05,work_review
layoff-2026-130,src_2818a4b2506cfd7c6028,record_review
layoff-2026-130,src_2818a4b2506cfd7c6028,work_review
layoff-2026-131,src_0083f955493f078c45f3,record_review
layoff-2026-131,src_0083f955493f078c45f3,work_review
layoff-2026-132,src_71c2e4cf12a32c4fcf5c,record_review
layoff-2026-132,src_71c2e4cf12a32c4fcf5c,work_review
layoff-2026-133,src_9afd8fa54c15d59ec2ed,record_review
layoff-2026-133,src_9afd8fa54c15d59ec2ed,work_review
layoff-2026-134,src_208a08de2ad4add1d426,record_review
layoff-2026-134,src_208a08de2ad4add1d426,work_review
layoff-2026-135,src_1dec783de7fa391ac5d8,record_review
layoff-2026-135,src_1dec783de7fa391ac5d8,work_review
layoff-2026-135,src_d346324db4d16699f565,record_review
layoff-2026-135,src_d346324db4d16699f565,work_review
layoff-2026-136,src_1859d7f214fdee49d70a,record_review
layoff-2026-136,src_1859d7f214fdee49d70a,work_review
layoff-2026-136,src_48a94d6dbb2ef413e65d,record_review
layoff-2026-136,src_48a94d6dbb2ef413e65d,work_review
layoff-2026-137,src_6f0d903efd942ac0e1cd,record_review
layoff-2026-137,src_6f0d903efd942ac0e1cd,work_review
layoff-2026-138,src_663b98fdce552212a506,record_review
layoff-2026-138,src_663b98fdce552212a506,work_review
layoff-2026-139,src_edece7689aff13f714ad,record_review
layoff-2026-139,src_edece7689aff13f714ad,work_review
layoff-2026-140,src_7bba1ca4a02e2e7c0f65,record_review
layoff-2026-140,src_7bba1ca4a02e2e7c0f65,work_review
layoff-2026-140,src_b5686f5afca4bae25d18,record_review
layoff-2026-140,src_b5686f5afca4bae25d18,work_review
layoff-2026-141,src_ddbdc8a0fdd9599b65a9,generic_review
layoff-2026-141,src_ddbdc8a0fdd9599b65a9,record_review
layoff-2026-141,src_ddbdc8a0fdd9599b65a9,work_review
layoff-2026-142,src_fcf08257ae19de6866c6,record_review
layoff-2026-142,src_fcf08257ae19de6866c6,work_review
layoff-2026-143,src_65450c84608c0fc540c1,record_review
layoff-2026-143,src_65450c84608c0fc540c1,work_review
layoff-2026-144,src_b1a19d370a12d44668e9,record_review
layoff-2026-144,src_b1a19d370a12d44668e9,work_review
layoff-2026-144,src_cf3cf17704e441c8f696,record_review
layoff-2026-144,src_cf3cf17704e441c8f696,work_review
layoff-2026-145,src_2bd54121c9b7e1e3953e,record_review
layoff-2026-145,src_2bd54121c9b7e1e3953e,work_review
layoff-2026-146,src_fed720a1b05ead7a1256,record_review
layoff-2026-146,src_fed720a1b05ead7a1256,work_review
layoff-2026-147,src_c95e7d2061798a4dac8f,generic_review
layoff-2026-147,src_c95e7d2061798a4dac8f,record_review
layoff-2026-147,src_c95e7d2061798a4dac8f,work_review
layoff-2026-148,src_a2bbd5939c9b8805f6b3,record_review
layoff-2026-148,src_a2bbd5939c9b8805f6b3,work_review
layoff-2026-149,src_10964fc555ea7a4fcb0f,generic_review
layoff-2026-149,src_10964fc555ea7a4fcb0f,record_review
layoff-2026-149,src_10964fc555ea7a4fcb0f,work_review
layoff-2026-149,src_6cd45fd292114f6fe727,generic_review
layoff-2026-149,src_6cd45fd292114f6fe727,record_review
layoff-2026-149,src_6cd45fd292114f6fe727,work_review
layoff-2026-150,src_6b586e19a3df342f18a4,record_review
layoff-2026-150,src_6b586e19a3df342f18a4,work_review
layoff-2026-150,src_aceebbe54f6a89a2dd9c,record_review
layoff-2026-150,src_aceebbe54f6a89a2dd9c,work_review
layoff-2026-151,src_a2892f38a652faed7368,record_review
layoff-2026-151,src_a2892f38a652faed7368,work_review
layoff-2026-151,src_d52891362ca4bbebf003,record_review
layoff-2026-151,src_d52891362ca4bbebf003,work_review
layoff-2026-152,src_37997e67630fdbc7dd41,generic_review
layoff-2026-152,src_f44b6893276c837f5c22,generic_review
layoff-2026-152,src_f44b6893276c837f5c22,record_review
layoff-2026-152,src_f44b6893276c837f5c22,work_review
layoff-2026-153,src_4907df9cd761588b48d6,record_review
layoff-2026-153,src_4907df9cd761588b48d6,work_review
layoff-2026-153,src_7ded135f8f1f675873c9,record_review
layoff-2026-153,src_7ded135f8f1f675873c9,work_review
layoff-2026-154,src_943d18da3348de8903f8,record_review
layoff-2026-154,src_943d18da3348de8903f8,work_review
layoff-2026-154,src_c99d905e7970276bbba8,record_review
layoff-2026-154,src_c99d905e7970276bbba8,work_review
layoff-2026-155,src_3b96aefdc727e8046816,record_review
layoff-2026-155,src_3b96aefdc727e8046816,work_review
layoff-2026-155,src_3d54d761b791dbb9abc9,record_review
layoff-2026-155,src_3d54d761b791dbb9abc9,work_review
layoff-2026-155,src_f2b6fb6ddc60a115002a,record_review
layoff-2026-155,src_f2b6fb6ddc60a115002a,work_review
layoff-2026-156,src_159cd5a91cb24a1c264d,record_review
layoff-2026-156,src_159cd5a91cb24a1c264d,work_review
layoff-2026-156,src_37f0fe5d2f9c9eff06ab,record_review
layoff-2026-156,src_37f0fe5d2f9c9eff06ab,work_review
layoff-2026-157,src_5cb6263507033ac78b90,record_review
layoff-2026-157,src_5cb6263507033ac78b90,work_review
layoff-2026-157,src_cdb5554a6a5eadf3d3a4,record_review
layoff-2026-157,src_cdb5554a6a5eadf3d3a4,work_review
layoff-2026-158,src_dade628ba41cfbfb2e69,record_review
layoff-2026-158,src_dade628ba41cfbfb2e69,work_review
layoff-2026-159,src_64ae35e88aaefe95db70,record_review
layoff-2026-159,src_64ae35e88aaefe95db70,work_review
layoff-2026-159,src_cac1b39f308738ad7b7c,record_review
layoff-2026-159,src_cac1b39f308738ad7b7c,work_review
layoff-2026-160,src_d156faaeacc94650ea63,record_review
layoff-2026-160,src_d156faaeacc94650ea63,work_review
layoff-2026-161,src_a1f65c76f4dd181f1b58,record_review
layoff-2026-161,src_a1f65c76f4dd181f1b58,work_review
layoff-2026-162,src_7342b9458a628ea6f6f1,record_review
layoff-2026-162,src_f1495ad55adb34fe824d,record_review
layoff-2026-163,src_383ea356194a1847c8f8,record_review
layoff-2026-163,src_432c3ecf1f6e1a7c65fc,record_review
layoff-2026-164,src_0fd5ade03303f6ef49ca,record_review
layoff-2026-164,src_0fd5ade03303f6ef49ca,work_review
layoff-2026-165,src_de2da7c2afaac063b6de,record_review
layoff-2026-165,src_de2da7c2afaac063b6de,work_review
layoff-2026-166,src_fd3fccc7e5056284d25e,record_review
layoff-2026-166,src_fd3fccc7e5056284d25e,work_review
layoff-2026-167,src_64a09dcff4631658ddeb,record_review
layoff-2026-167,src_9ce6e3b5deff1ba779a6,record_review
layoff-2026-167,src_9ce6e3b5deff1ba779a6,work_review
layoff-2026-168,src_1e32500af60d5bb2001b,generic_review
layoff-2026-168,src_1e32500af60d5bb2001b,record_review
layoff-2026-168,src_1e32500af60d5bb2001b,work_review
layoff-2026-168,src_87e93937562249e7fe19,generic_review
layoff-2026-168,src_87e93937562249e7fe19,record_review
layoff-2026-168,src_87e93937562249e7fe19,work_review
layoff-2026-169,src_3236a0dee522ea1ef6c8,generic_review
layoff-2026-169,src_3236a0dee522ea1ef6c8,record_review
layoff-2026-169,src_3236a0dee522ea1ef6c8,work_review
layoff-2026-169,src_621586208606f9afacb7,generic_review
layoff-2026-169,src_621586208606f9afacb7,record_review
layoff-2026-169,src_621586208606f9afacb7,work_review
layoff-2026-170,src_ec839a5a9829c5f1c92e,record_review
layoff-2026-170,src_ec839a5a9829c5f1c92e,work_review
layoff-2026-171,src_aa4cf2a61615c2cc4330,record_review
layoff-2026-171,src_aa4cf2a61615c2cc4330,work_review
layoff-2026-172,src_91cc7f4d29c8cda550a7,generic_review
layoff-2026-172,src_91cc7f4d29c8cda550a7,record_review
layoff-2026-172,src_91cc7f4d29c8cda550a7,work_review
layoff-2026-173,src_1783915e1b5b134b9039,record_review
layoff-2026-173,src_1783915e1b5b134b9039,work_review
layoff-2026-173,src_e26f62684c1eaf13ca99,record_review
layoff-2026-173,src_e26f62684c1eaf13ca99,work_review
layoff-2026-174,src_51bea092f1229d96c31e,record_review
layoff-2026-174,src_51bea092f1229d96c31e,work_review
layoff-2026-175,src_f62403133fd4cbeaf6c3,record_review
layoff-2026-175,src_f62403133fd4cbeaf6c3,work_review
layoff-2026-176,src_e3e12e999088eb55c3fd,record_review
layoff-2026-176,src_e3e12e999088eb55c3fd,work_review
layoff-2026-177,src_45223d841aeff820c432,record_review
layoff-2026-177,src_45223d841aeff820c432,work_review
layoff-2026-178,src_5fa9d790e50b738ecd61,generic_review
layoff-2026-178,src_5fa9d790e50b738ecd61,record_review
layoff-2026-178,src_5fa9d790e50b738ecd61,work_review
layoff-2026-178,src_81e498bc1021ac3cfc3f,generic_review
layoff-2026-178,src_81e498bc1021ac3cfc3f,record_review
layoff-2026-178,src_81e498bc1021ac3cfc3f,work_review
layoff-2026-179,src_e54a8e4374423c3b0aa4,record_review
layoff-2026-179,src_e54a8e4374423c3b0aa4,work_review
layoff-2026-180,src_a74c98c112d8219e917c,record_review
layoff-2026-181,src_e3ddd1803a49b0050846,record_review
layoff-2026-181,src_e3ddd1803a49b0050846,work_review
layoff-2026-182,src_f03c5f64fc589d109887,generic_review
layoff-2026-182,src_f03c5f64fc589d109887,record_review
layoff-2026-182,src_f03c5f64fc589d109887,work_review
layoff-2026-183,src_f3654349be631abb06d7,record_review
layoff-2026-183,src_f3654349be631abb06d7,work_review
layoff-2026-184,src_93a180fab32adc4e9525,generic_review
layoff-2026-184,src_eb1750fc13288f5bdd86,generic_review
layoff-2026-184,src_eb1750fc13288f5bdd86,record_review
layoff-2026-184,src_eb1750fc13288f5bdd86,work_review
layoff-2026-185,src_0f9da3c39bac4ca0c886,record_review
layoff-2026-185,src_0f9da3c39bac4ca0c886,work_review
layoff-2026-186,src_78e1c05b8eca534df09d,record_review
layoff-2026-186,src_78e1c05b8eca534df09d,work_review
layoff-2026-187,src_b2f90c5dcbc8f2221cdf,record_review
layoff-2026-187,src_b2f90c5dcbc8f2221cdf,work_review
layoff-2026-188,src_2de6a045f27f4d9780e1,record_review
layoff-2026-188,src_2de6a045f27f4d9780e1,work_review
layoff-2026-189,src_53c159b823ed03e98dc0,record_review
layoff-2026-189,src_53c159b823ed03e98dc0,work_review
layoff-2026-189,src_7bdfca1cc0dcf738164b,record_review
layoff-2026-189,src_7bdfca1cc0dcf738164b,work_review
layoff-2026-190,src_f4e4a8ce70d839625275,record_review
layoff-2026-190,src_f4e4a8ce70d839625275,work_review
layoff-2026-191,src_59991296728e256cc344,generic_review
layoff-2026-191,src_59991296728e256cc344,record_review
layoff-2026-191,src_59991296728e256cc344,work_review
layoff-2026-191,src_ec1358169826bca60b32,generic_review
layoff-2026-192,src_b0d98017b9560bdc13a5,record_review
layoff-2026-192,src_b0d98017b9560bdc13a5,work_review
layoff-2026-193,src_e8d2380fa646607ebb1b,generic_review
layoff-2026-193,src_e8d2380fa646607ebb1b,record_review
layoff-2026-193,src_e8d2380fa646607ebb1b,work_review
layoff-2026-194,src_f3e47acb4975baeb91bf,record_review
layoff-2026-194,src_f3e47acb4975baeb91bf,work_review
layoff-2026-195,src_56a1e1e9ca042da56c78,record_review
layoff-2026-195,src_56a1e1e9ca042da56c78,work_review
layoff-2026-195,src_8202c0206414591b532d,record_review
layoff-2026-195,src_8202c0206414591b532d,work_review
layoff-2026-196,src_a70f7211d498ea5cccd4,record_review
layoff-2026-196,src_a70f7211d498ea5cccd4,work_review
layoff-2026-197,src_b0d98017b9560bdc13a5,record_review
layoff-2026-197,src_b0d98017b9560bdc13a5,work_review
layoff-2026-197,src_c3ae590700c63e183ae2,record_review
layoff-2026-197,src_c3ae590700c63e183ae2,work_review
layoff-2026-198,src_1e0461c0007d17cdb172,record_review
layoff-2026-198,src_8039f6966d5361fd7da5,record_review
layoff-2026-198,src_8039f6966d5361fd7da5,work_review
layoff-2026-198,src_b0d98017b9560bdc13a5,record_review
layoff-2026-198,src_b0d98017b9560bdc13a5,work_review
layoff-2026-199,src_5e33a00d835bdb81a9ed,record_review
layoff-2026-199,src_5e33a00d835bdb81a9ed,work_review
layoff-2026-200,src_de2b577f5f8cde2b9ea1,generic_review
layoff-2026-200,src_de2b577f5f8cde2b9ea1,record_review
layoff-2026-200,src_de2b577f5f8cde2b9ea1,work_review
layoff-2026-201,src_bb141036792f577bd771,generic_review
layoff-2026-201,src_bb141036792f577bd771,record_review
layoff-2026-201,src_bb141036792f577bd771,work_review
layoff-2026-202,src_0cda71f0a2b5c176bd48,generic_review
layoff-2026-202,src_0cda71f0a2b5c176bd48,record_review
layoff-2026-202,src_0cda71f0a2b5c176bd48,work_review
layoff-2026-203,src_b0d98017b9560bdc13a5,record_review
layoff-2026-203,src_b0d98017b9560bdc13a5,work_review
layoff-2026-204,src_88888ece26fb39472cf7,record_review
layoff-2026-204,src_88888ece26fb39472cf7,work_review
layoff-2026-205,src_b344c4c6792b172edfe5,record_review
layoff-2026-205,src_b344c4c6792b172edfe5,work_review
layoff-2026-206,src_2ca7fe5be37fabe8dd15,generic_review
layoff-2026-206,src_2ca7fe5be37fabe8dd15,record_review
layoff-2026-206,src_2ca7fe5be37fabe8dd15,work_review
layoff-2026-207,src_ad556b70cea39cf96004,record_review
layoff-2026-207,src_ad556b70cea39cf96004,work_review
layoff-2026-208,src_500257f164e512f1efdc,generic_review
layoff-2026-208,src_adef04e9298f4e6c7c84,generic_review
layoff-2026-208,src_adef04e9298f4e6c7c84,record_review
layoff-2026-208,src_adef04e9298f4e6c7c84,work_review
layoff-2026-208,src_b0b91083a693951c1f5b,generic_review
layoff-2026-208,src_b0b91083a693951c1f5b,record_review
layoff-2026-208,src_b0b91083a693951c1f5b,work_review
layoff-2026-209,src_20ec1377074925cc83ff,record_review
layoff-2026-209,src_20ec1377074925cc83ff,work_review
layoff-2026-210,src_26913df9b282e5e3e762,record_review
layoff-2026-210,src_334a299883f524484dce,record_review
layoff-2026-210,src_334a299883f524484dce,work_review
layoff-2026-210,src_3d54d761b791dbb9abc9,record_review
layoff-2026-210,src_3d54d761b791dbb9abc9,work_review
layoff-2026-211,src_9f492205427844806603,record_review
layoff-2026-211,src_9f492205427844806603,work_review
layoff-2026-212,src_c45ad1243f44b0e94623,record_review
layoff-2026-212,src_c45ad1243f44b0e94623,work_review
layoff-2026-213,src_4c2ea64cc9fb154ec60f,record_review
layoff-2026-213,src_4c2ea64cc9fb154ec60f,work_review
layoff-2026-214,src_b6af4515698daf631e19,generic_review
layoff-2026-214,src_b6af4515698daf631e19,record_review
layoff-2026-214,src_b6af4515698daf631e19,work_review
layoff-2026-214,src_d3ba3e842e52c7cd5203,generic_review
layoff-2026-214,src_d3ba3e842e52c7cd5203,record_review
layoff-2026-215,src_57f2c604904fd40ecf9c,record_review
layoff-2026-215,src_57f2c604904fd40ecf9c,work_review
layoff-2026-215,src_feaf74b58b099da7a593,record_review
layoff-2026-215,src_feaf74b58b099da7a593,work_review
layoff-2026-216,src_72b6a7a45017360950ee,record_review
layoff-2026-216,src_72b6a7a45017360950ee,work_review
layoff-2026-217,src_243088ba6f62abcd317a,generic_review
layoff-2026-217,src_243088ba6f62abcd317a,record_review
layoff-2026-217,src_243088ba6f62abcd317a,work_review
layoff-2026-217,src_8b82cbd601d9fa6e6504,generic_review
layoff-2026-217,src_8b82cbd601d9fa6e6504,record_review
layoff-2026-218,src_03a5cc59b07266bba7be,record_review
layoff-2026-218,src_03a5cc59b07266bba7be,work_review
layoff-2026-218,src_2fb653d10fdf224a33aa,record_review
layoff-2026-218,src_2fb653d10fdf224a33aa,work_review
layoff-2026-219,src_9a51f91e9b77c00f7b91,record_review
layoff-2026-219,src_9a51f91e9b77c00f7b91,work_review
layoff-2026-219,src_d3e3ad1a6200de1fbbe1,record_review
layoff-2026-219,src_d3e3ad1a6200de1fbbe1,work_review
layoff-2026-220,src_d0eaaaf08a7e8fbbb06b,generic_review
layoff-2026-220,src_d0eaaaf08a7e8fbbb06b,record_review
layoff-2026-220,src_d0eaaaf08a7e8fbbb06b,work_review
layoff-2026-221,src_5333ae047537a0071339,record_review
layoff-2026-221,src_5333ae047537a0071339,work_review
layoff-2026-222,src_e442fef5c3b7bb14baea,record_review
layoff-2026-222,src_e442fef5c3b7bb14baea,work_review
layoff-2026-223,src_27e9030344a400e8c8c8,record_review
layoff-2026-223,src_7848c7293b00d8f99309,record_review
layoff-2026-223,src_7848c7293b00d8f99309,work_review
layoff-2026-223,src_e30480c2e37510e2c3f9,record_review
layoff-2026-223,src_e30480c2e37510e2c3f9,work_review
layoff-2026-224,src_23f84846006477acee7a,record_review
layoff-2026-224,src_23f84846006477acee7a,work_review
layoff-2026-224,src_38d0d6b51268276ae106,record_review
layoff-2026-224,src_38d0d6b51268276ae106,work_review
layoff-2026-225,src_46c5757bb0ed92d2dd8c,record_review
layoff-2026-225,src_46c5757bb0ed92d2dd8c,work_review
layoff-2026-226,src_05dd6d8e75abb7678ef1,record_review
layoff-2026-227,src_671dcf50049871a7f6c4,record_review
layoff-2026-227,src_671dcf50049871a7f6c4,work_review
layoff-2026-228,src_4ae7232751648ea91bac,generic_review
layoff-2026-228,src_4ae7232751648ea91bac,record_review
layoff-2026-228,src_4ae7232751648ea91bac,work_review
layoff-2026-228,src_74d095c5fde2e67a0a77,generic_review
layoff-2026-229,src_6b908a863b572c9dda2d,record_review
layoff-2026-229,src_6b908a863b572c9dda2d,work_review
layoff-2026-230,src_7eadd17b4293ef0f906e,record_review
layoff-2026-230,src_7eadd17b4293ef0f906e,work_review
layoff-2026-231,src_618b4f6967c44101d426,record_review
layoff-2026-231,src_618b4f6967c44101d426,work_review
layoff-2026-232,src_531add8a2d93bce798f7,record_review
layoff-2026-232,src_531add8a2d93bce798f7,work_review
layoff-2026-233,src_7f186b4a35766c1190a2,record_review
layoff-2026-233,src_7f186b4a35766c1190a2,work_review
layoff-2026-234,src_94c01df2210aebf91746,record_review
layoff-2026-234,src_94c01df2210aebf91746,work_review
