record_id,cause_code,attribution,scope,summary,source_id,evidence_access
layoff-2026-001,ai_productivity,company_stated,historical_period,FY2025 departures reported in January; not a new January layoff announcement. AI-supported scaling and staff costs concern that earlier period.,src_26fdadf2a563b8d6c079,
layoff-2026-001,cost_cutting,company_stated,historical_period,FY2025 departures reported in January; not a new January layoff announcement. AI-supported scaling and staff costs concern that earlier period.,src_26fdadf2a563b8d6c079,
layoff-2026-002,ai_productivity,company_stated,event,The filing attributes the reduction in part to AI-driven efficiency improvements.,src_675423b86ccab12c3d7a,
layoff-2026-002,cost_cutting,company_stated,event,Company targets lower operating expenses and annual savings.,src_675423b86ccab12c3d7a,
layoff-2026-003,ai_productivity,company_stated,event,The company attributes part of the efficiency measures and staffing reduction to growing adoption of AI tools.,src_843a8f2ca1378b5eddce,
layoff-2026-004,strategic_pivot,company_stated,event,"Company redirects effort toward robotics and Physical AI; this is a product-market pivot, not employee replacement.",src_21678cbe75c11f754beb,
layoff-2026-005,organizational_consolidation,company_stated,event,Company reorganizes go-to-market teams around customer segments and account management.,src_5dc19f42157b3dd423e5,
layoff-2026-006,ai_market_disruption,company_stated,event,Founder attributes falling site traffic and paid conversions to AI.,src_a1f9637478ae489e6a2d,
layoff-2026-006,financial_distress,company_stated,event,Founder projects inadequate payroll funding after the revenue decline.,src_a1f9637478ae489e6a2d,
layoff-2026-007,cost_cutting,company_stated,event,Filing describes facility consolidation and margin improvement. Prior regulatory attribution is unsupported.,src_0192f963683e2dc43f9c,
layoff-2026-007,organizational_consolidation,company_stated,event,Filing describes facility consolidation and margin improvement. Prior regulatory attribution is unsupported.,src_0192f963683e2dc43f9c,
layoff-2026-008,ai_work_redesign,press_reported,event,Reporter describes designers absorbing UX-writing work with AI tools; correction says this was not the official company statement.,src_65ec8191d5f8a27c21c1,
layoff-2026-008,organizational_consolidation,company_stated,event,Company describes integrating content and design within user experience.,src_65ec8191d5f8a27c21c1,
layoff-2026-009,cost_cutting,company_stated,event,Resources shift within Reality Labs.,src_b13e19e4dea6a96dd401,
layoff-2026-009,strategic_pivot,company_stated,event,Company prioritizes wearables over VR.,src_b13e19e4dea6a96dd401,
layoff-2026-011,organizational_realignment,company_stated,event,Company links the reduction to aligning its organizational structure with business needs and long-term growth.,src_2f54aaecd1989a5e319a,full
layoff-2026-012,strategic_priorities,company_stated,event,Company says the cuts concentrate capabilities and resources on customer priorities and areas with greater growth potential.,src_7025b4c16af50c477f9d,full
layoff-2026-013,ai_productivity,company_stated,event,"The CEO links the restructuring to smaller teams enabled by AI and automation; the gains are an expectation, not an independently measured result.",src_6d3787c7a8b2a420f2c4,
layoff-2026-013,strategic_pivot,company_stated,event,The restructuring concentrates development and resources on fewer games rather than broad portfolio expansion.,src_6d3787c7a8b2a420f2c4,
layoff-2026-014,cost_cutting,company_stated,event,"Company release explicitly names cost position. Market stagnation is context, not evidence of collapsing demand.",src_ff1600eb016dec79ea62,
layoff-2026-015,strategic_pivot,company_stated,event,CEO describes shifting toward mid-market customers and changing development priorities; the previous cost-cutting tag lacked support.,src_bb15daf6933140109bf9,
layoff-2026-016,m_and_a,company_stated,event,Company links eliminated duplicate roles to acquisitions; reported percentage and net staffing are disputed.,src_ab00aa4aa4013147da72,
layoff-2026-018,ai_investment_reallocation,company_stated,event,"The CEO lists reinvestment in AI, platform and industry-cloud capabilities among the drivers of the reduction; completing the go-to-market transformation is the primary driver.",src_4828391f332e6f02a96d,
layoff-2026-018,organizational_consolidation,press_reported,event,"The cuts, mainly in customer-facing sales, complete a multi-year go-to-market transformation.",src_4828391f332e6f02a96d,
layoff-2026-019,strategic_pivot,press_reported,event,Reporting connects partnership cuts with changed commerce priorities; this does not describe AI doing employees' work.,src_34ff43ba7842985f4104,
layoff-2026-020,unit_closure,press_reported,event,Employees report management described closing loss-making units. Separate meeting attendance and layoff estimates should not be conflated.,src_9f4bb4516c19da0fa0e9,
layoff-2026-021,shutdown,company_stated,event,Founder closes the business after finding its model unsuitable for venture-scale growth.,src_9c9f1310a069501a599b,
layoff-2026-022,organizational_consolidation,press_reported,event,The company explicitly links role eliminations and new roles to simplifying its structure and reducing organizational layers.,src_f4b411b12eedfd1a4184,
layoff-2026-023,operational_efficiency,company_stated,event,Company describes targeted streamlining in two units after reviewing operations and internal processes.,src_3413bd0fd5ef5c9b8d47,full
layoff-2026-024,ai_investment_reallocation,company_stated,event,Resources redirected toward AI capabilities and AI-focused roles.,src_8e0def7de1651a7ddcfe,
layoff-2026-025,organizational_consolidation,company_stated,event,Company replaces matrix organization with dedicated product/module teams and removes associated management roles.,src_36171da3c2e2b8cdbf13,
layoff-2026-026,organizational_consolidation,company_stated,event,Current company memo identifies management layers and bureaucracy. AI attribution cannot be imported from another round.,src_1570434e8c7820b93266,
layoff-2026-027,ai_productivity,company_stated,event,CEO links workforce reductions to AI-enabled operating efficiencies.,src_02f5b6e9493c5a8479b2,
layoff-2026-027,cost_cutting,company_stated,event,The cuts and resource reallocation support the stated profitability target.,src_02f5b6e9493c5a8479b2,
layoff-2026-027,m_and_a,company_stated,event,CEO links the reduction to operating efficiencies arising from acquisitions.,src_02f5b6e9493c5a8479b2,
layoff-2026-027,organizational_consolidation,company_stated,event,The letter says targeted reductions eliminate duplication.,src_02f5b6e9493c5a8479b2,
layoff-2026-028,operational_efficiency,company_stated,event,"Company attributes the changes to greater agility, simpler work and faster decisions.",src_114a222a9fa01676cd35,full
layoff-2026-029,cost_cutting,press_reported,event,Reporting connects the reduction with the existing savings and profitability plan.,src_ac1213bc7efe6b81b75f,
layoff-2026-030,cost_cutting,press_reported,event,Reporting links cuts to the real-money-gaming ban and lower costs; company describes moving toward other games and content.,src_dd01a855c1651fa6be5b,
layoff-2026-030,regulatory,press_reported,event,Reporting links cuts to the real-money-gaming ban and lower costs; company describes moving toward other games and content.,src_dd01a855c1651fa6be5b,
layoff-2026-030,strategic_pivot,company_stated,event,Reporting links cuts to the real-money-gaming ban and lower costs; company describes moving toward other games and content.,src_dd01a855c1651fa6be5b,
layoff-2026-032,performance_cull,company_stated,event,Company explicitly describes its regular performance-review process.,src_a57c3f7ddaf14c0c389e,
layoff-2026-033,organizational_consolidation,company_stated,event,Company consolidates office operations in New Jersey.,src_7bb4affbb4b48590e84e,
layoff-2026-034,work_relocation,company_stated,event,Company transfers R&D work to other development centers.,src_921f15a1a841b788f477,
layoff-2026-035,strategic_priorities,company_stated,event,Company says organizational changes align resources with long-term business priorities.,src_b88e8a8181c50424e186,full
layoff-2026-036,strategic_priorities,company_stated,event,Company links the reduction to aligning resources with its highest priorities.,src_3e73a3a62029148bd200,full
layoff-2026-037,ai_substitution,reported_inference,event,"Forrester analyst Charlie Dai interprets this fresh round as AI/automation replacing workers. This is an external analyst inference, not a company admission or independently established displacement; the company response discusses support staffing over the preceding year.",src_0ec9774d2deac6dd4cd0,full
layoff-2026-038,strategic_pivot,company_stated,event,Founder explains a shift away from consumer products toward B2B offerings.,src_96fc3b725c56813ed44f,
layoff-2026-040,cost_cutting,press_reported,event,"Puck attributes the February reduction to management seeking profitability. This is the publication’s causal account, separate from the company’s general agility explanation; no savings amount is established.",src_3c8b9fbfcbc3f099a90e,partial
layoff-2026-040,operational_efficiency,company_stated,event,"Company says smaller, more agile teams will accelerate decisions and execution.",src_075dc0dcdc200ab806ce,full
layoff-2026-043,ai_productivity,reported_inference,event,Market estimates cited by CTech attribute the reduction to AI-enabled engineering efficiency. No direct company attribution is supplied.,src_dd660c455e5eb4fbfc46,
layoff-2026-044,organizational_consolidation,company_stated,event,Reported integration of staff and work into other organizational units identifies consolidation.,src_644bae172dd33ca77884,
layoff-2026-045,m_and_a,reported_inference,event,Article infers elimination of overlapping roles after acquisition; this is an attributed inference.,src_75c0e3ddbcd72b5b9953,
layoff-2026-047,ai_substitution,company_stated,multi_round_period,"The spokesperson links staff reductions to AI agents integrated across sales, operations, design and marketing, with manual roles phased out as workflows were automated.",src_742535d001dc0091b706,
layoff-2026-048,cost_cutting,company_stated,event,Company memo ties cuts to profitability.,src_552fa56ec14458a4acb3,
layoff-2026-049,strategic_priorities,company_stated,event,Company says teams are being reorganized around its highest priorities and investment areas.,src_54164919725949b8ef86,full
layoff-2026-050,cost_cutting,company_stated,event,Company names profitability and lower operating costs; returning to a core mission is not a specified product pivot.,src_422ed008a01e78116f12,
layoff-2026-051,ai_substitution,company_stated,multi_year_plan,Company describes AI automating work formerly requiring larger operational teams.,src_379d0a01b5956f8e2e41,
layoff-2026-051,m_and_a,company_stated,multi_year_plan,Company identifies integration of the acquired e2open business within its transformation.,src_379d0a01b5956f8e2e41,
layoff-2026-052,ai_productivity,company_stated,event,"The CEO cites AI-driven productivity gains across functions as part of the explanation for reducing headcount, alongside the cost-reduction program.",src_3f543f3da4fe8e56b6fa,
layoff-2026-052,cost_cutting,press_reported,event,CEO Stephen Ehikian said the cost structure was 'simply too high' after aggressive 2024-25 hiring outpaced slower enterprise AI adoption; also cites AI-driven efficiency. Came alongside a wider loss and stock drop.,src_3f543f3da4fe8e56b6fa,
layoff-2026-053,market_exit,company_stated,event,"Company withdraws from specified markets, eliminating associated operations.",src_a856a1d92d4f151adebb,
layoff-2026-054,ai_productivity,company_stated,event,"The shareholder letter links the reduction to operating with a smaller team using intelligence tools, citing internal experience of increased output.",src_cc7e8e4fcf08b6389aea,
layoff-2026-055,ai_productivity,company_stated,event,Results explicitly name AI efficiencies in the lower technology and support spending plan.,src_2842ae78b81821a6d8c1,
layoff-2026-055,cost_cutting,company_stated,event,Company targets £150 million less technology and support spending.,src_2842ae78b81821a6d8c1,
layoff-2026-055,organizational_consolidation,company_stated,event,Company combines Solutions and Automation operations.,src_2842ae78b81821a6d8c1,
layoff-2026-056,organizational_consolidation,company_stated,event,Company identifies areas of duplication among the criteria for the current cuts.,src_f02582462e1a4cd07b33,full
layoff-2026-057,ai_productivity,company_stated,event,CTO attributes the reduction from 18 to 10 employees to an AI-driven efficiency shift.,src_c886730b84a3bd34b5f4,
layoff-2026-057,ai_substitution,worker_reported,event,Former employees say Martha AI handles first-line enquiries and automation made roles redundant.,src_c886730b84a3bd34b5f4,
layoff-2026-057,cost_cutting,company_stated,event,Company links restructuring to aligning operating costs with revenue.,src_c886730b84a3bd34b5f4,
layoff-2026-058,m_and_a,reported_inference,event,"Reporting links overlapping functions to the Calabrio combination; company confirms the combination, not each causal detail.",src_65c850db2e77f3ac4af3,
layoff-2026-059,cost_cutting,company_stated,event,Filing explicitly links consolidation of Redmond activities into Orlando to lower operating costs.,src_7ac4d2123ea24cfe5c15,
layoff-2026-059,organizational_consolidation,company_stated,event,Filing explicitly links consolidation of Redmond activities into Orlando to lower operating costs.,src_7ac4d2123ea24cfe5c15,
layoff-2026-060,organizational_realignment,company_stated,event,Company describes a regular organizational review to position teams to innovate and deliver for customers.,src_752617e203d710a1f5b0,full
layoff-2026-061,cost_cutting,company_stated,event,CEO identifies profitability as the objective of the reduction.,src_0d6531b964054f702222,
layoff-2026-062,ai_investment_reallocation,company_stated,event,"The CEO says the reductions lower operating costs to fund further product, marketing and AI investment.",src_98e0b6209502505170d5,
layoff-2026-062,cost_cutting,press_reported,event,"CEO Hichame Assi cited the need to respond to rapidly changing customer expectations and to reduce operating costs in order to invest further in product, marketing, and AI.",src_98e0b6209502505170d5,
layoff-2026-062,organizational_consolidation,company_stated,event,The CEO describes removing management layers and reorganizing around smaller teams and individual contributors.,src_98e0b6209502505170d5,
layoff-2026-063,cost_cutting,press_reported,event,Company targets lower operating costs.,src_9e3ac7dd01327183c6f6,
layoff-2026-063,organizational_consolidation,press_reported,event,Company consolidates operations in Irvine.,src_9e3ac7dd01327183c6f6,
layoff-2026-064,market_conditions,company_stated,event,Company reported economic reasons for the layoffs to the provincial government; the reason is not further specified.,src_57b983c28b31b1c17a3e,full
layoff-2026-065,performance_cull,company_stated,event,Company attributes cuts to performance reviews.,src_d3ceb54a730a09b5fdf9,
layoff-2026-066,ai_productivity,company_stated,event,CEO attributes the reduction partly to AI-driven productivity and faster delivery.,src_9d9eb1c9b4afa65c97e9,
layoff-2026-066,organizational_consolidation,company_stated,event,Digital Wealth operations are being concentrated into fewer centers.,src_9d9eb1c9b4afa65c97e9,
layoff-2026-066,strategic_pivot,company_stated,event,"CEO describes replacing bespoke client solutions with repeatable, standardized products.",src_9d9eb1c9b4afa65c97e9,
layoff-2026-067,ai_investment_reallocation,company_stated,event,The CEO says the staffing reduction will self-fund further investment in AI and enterprise sales.,src_bbefc935918809022f3d,
layoff-2026-067,cost_cutting,company_stated,event,The CEO links the reduction to improving the financial profile and accelerating sustained profitability.,src_bbefc935918809022f3d,
layoff-2026-068,ai_market_disruption,company_stated,event,Founder says AI bots undermined the service.,src_09ab689e89a7088872cb,
layoff-2026-068,strategic_pivot,company_stated,event,Company rebuilds the product.,src_09ab689e89a7088872cb,
layoff-2026-069,market_conditions,company_stated,event,Company connects the restructuring to its review of market conditions and evolving business needs.,src_152929fdae1b31c45186,full
layoff-2026-069,strategic_priorities,company_stated,event,"Company says the restructuring aligns resources with product development, customer experience and sustainable growth.",src_152929fdae1b31c45186,full
layoff-2026-070,ai_transition,press_reported,event,An unnamed source says progress in AI initiatives contributed to the decision; no concrete mechanism is given.,src_bb70227513ccb9f35c6b,full
layoff-2026-070,operational_efficiency,company_stated,event,Company describes structural adjustments as part of simplification and efficiency efforts.,src_bb70227513ccb9f35c6b,full
layoff-2026-071,cost_cutting,company_stated,annual_period,Annual net workforce decline includes hiring restraint and other movements; not one March announcement of gross layoffs.,src_aa07b1752e98cdd7fcb9,
layoff-2026-072,financial_distress,company_stated,event,Accessible report quotes founder on insufficient funding and closing the marketplace; full report restricted.,src_079c6f7c0c8bf33a9c11,
layoff-2026-072,shutdown,company_stated,event,Accessible report quotes founder on insufficient funding and closing the marketplace; full report restricted.,src_079c6f7c0c8bf33a9c11,
layoff-2026-073,ai_work_redesign,company_stated,event,The CEO says enterprise-wide AI integration changes role requirements and that the reduction targets roles that do not adapt.,src_d0026afec35ac5e46ffc,
layoff-2026-074,strategic_priorities,company_stated,event,Company attributes targeted cuts to alignment with its long-term strategy.,src_a80359751eea71d6a200,full
layoff-2026-075,ai_productivity,company_stated,year_to_date,Shareholder letter links its smaller workforce to AI-enabled output across engineering and other work.,src_edab231affb8491e5ef8,
layoff-2026-075,cost_cutting,company_stated,year_to_date,Company targets a lower operating cost base.,src_edab231affb8491e5ef8,
layoff-2026-075,market_exit,company_stated,year_to_date,Company exits international markets to focus resources on the US business.,src_edab231affb8491e5ef8,
layoff-2026-076,organizational_consolidation,press_reported,event,Bloomberg reports the podcast reorganization removes management layers.,src_bcce98344941cb0c1369,
layoff-2026-077,cost_cutting,company_stated,event,Company says spending exceeded revenue.,src_9513906047389ea1d637,
layoff-2026-077,demand_decline,company_stated,event,Company cites declining Fortnite engagement.,src_9513906047389ea1d637,
layoff-2026-078,strategic_priorities,company_stated,event,Company explains the cuts through organizational alignment with strategic priorities and long-term growth.,src_39e1db3f128e3c2a5ff0,full
layoff-2026-079,unit_closure,press_reported,event,Alternate report confirms Serbian office closure. Company discusses AI-enabled services but does not identify employee replacement.,src_18e61470c521c3b388aa,
layoff-2026-080,organizational_realignment,company_stated,event,Company says team restructurings are intended to help achieve their goals.,src_9c1f985cca7214cc75de,full
layoff-2026-081,ai_productivity,company_stated,event,"The CEO links smaller teams to AI-enabled work in product prototyping, support and engineering, as part of the restructuring.",src_64699b049bbc2d1816c4,
layoff-2026-081,organizational_consolidation,press_reported,event,The recorded explanation links the cuts to a flatter organization; AI productivity remains a separate narrative.,src_64699b049bbc2d1816c4,
layoff-2026-082,shutdown,company_stated,event,Company announces a wind-down expected to finish later in 2026; not a completed closure on the record date.,src_7ae22d6b47e2b5a0560e,
layoff-2026-083,unit_closure,press_reported,event,Reporting identifies closure of the affected customer-services unit; no verified AI mechanism.,src_f37690a3525941308d82,
layoff-2026-084,financial_distress,company_stated,event,Founder describes failed funding/acquisition options preceding closure.,src_92e4460c1f4f3f1b4769,
layoff-2026-084,shutdown,company_stated,event,Founder describes failed funding/acquisition options preceding closure.,src_92e4460c1f4f3f1b4769,
layoff-2026-085,market_exit,company_stated,event,Company announces withdrawal from the US market.,src_66c1dbdd5adb859d99aa,
layoff-2026-086,organizational_realignment,company_stated,event,The March termination email attributes role elimination to a broader organizational change following a review of business needs. It does not specify an AI mechanism.,src_9f6d3041c6dac06e7f91,full
layoff-2026-087,financial_distress,company_stated,event,Company describes persistent inability to operate profitably.,src_7a79581004e721bd338a,
layoff-2026-087,shutdown,company_stated,event,Company closes the business.,src_7a79581004e721bd338a,
layoff-2026-088,ai_market_disruption,company_stated,event,Founders attribute declining product usefulness to rapid AI advances.,src_98d512b832b1cc3ae1d1,
layoff-2026-088,shutdown,company_stated,event,Founders close the service.,src_98d512b832b1cc3ae1d1,
layoff-2026-089,organizational_consolidation,press_reported,event,Reporting describes eliminating fragmentation across marketing teams.,src_5ab96e0322d7e436d131,
layoff-2026-090,strategic_pivot,company_stated,event,Company shifts from pure Bitcoin mining toward energy and digital infrastructure.,src_3b5e1828910a3aa4ddbd,
layoff-2026-091,organizational_realignment,company_stated,event,A Meta spokesperson explains the reported reductions through regular team restructuring to achieve organizational goals; no concrete operating mechanism is given.,src_929b24d9e09d75cad8db,full
layoff-2026-092,financial_distress,company_stated,event,"Founder cites distribution difficulties, loss of a major client and unpaid dues. Being an AI business does not establish AI disruption.",src_c14f2afdbe675aa17c62,
layoff-2026-092,lost_contract,company_stated,event,"Founder cites distribution difficulties, loss of a major client and unpaid dues. Being an AI business does not establish AI disruption.",src_c14f2afdbe675aa17c62,
layoff-2026-092,shutdown,company_stated,event,"Founder cites distribution difficulties, loss of a major client and unpaid dues. Being an AI business does not establish AI disruption.",src_c14f2afdbe675aa17c62,
layoff-2026-094,organizational_realignment,press_reported,event,An anonymous account describes reorganization and a change of focus as the reason communicated for the cuts. This is not a verified company statement.,src_33e46c7c9d3e6887de73,full
layoff-2026-095,ai_transition,company_stated,event,"CEO connects the cuts to becoming a leaner, AI-centered organization, without naming affected tasks.",src_696a2ea547268eaf377e,full
layoff-2026-096,cost_cutting,company_stated,event,Company restructuring plan explicitly targets lower operating costs.,src_a2dac0f3f945d45f6f91,
layoff-2026-097,strategic_pivot,company_stated,event,CEO describes refocusing the product for customers building AI agents.,src_dfe5dd7d499c522e6c5b,
layoff-2026-098,cost_cutting,company_stated,event,"Filing describes corporate-function consolidation and savings. Announcement was April 28, not April 8.",src_da4bda79776c12ff6fea,
layoff-2026-098,organizational_consolidation,company_stated,event,"Filing describes corporate-function consolidation and savings. Announcement was April 28, not April 8.",src_da4bda79776c12ff6fea,
layoff-2026-099,cost_cutting,company_stated,event,Filing links changes to a simpler organization and lower costs; AI product work is a separate initiative.,src_ddf04b1c9ea6ec6db8c7,
layoff-2026-099,organizational_consolidation,company_stated,event,Filing links changes to a simpler organization and lower costs; AI product work is a separate initiative.,src_ddf04b1c9ea6ec6db8c7,
layoff-2026-100,financial_distress,company_stated,event,Chapter 7 liquidation and business closure establish insolvency and shutdown.,src_d13716603d2ca25492dd,
layoff-2026-100,shutdown,company_stated,event,Chapter 7 liquidation and business closure establish insolvency and shutdown.,src_d13716603d2ca25492dd,
layoff-2026-101,ai_investment_reallocation,company_stated,event,CEO links departures to moving investment into AI-native capabilities and roles.,src_d316bfe3faf436749304,
layoff-2026-102,organizational_realignment,company_stated,event,"Company says eOS is restructuring to align with technology developments, signed agreements and anticipated customers.",src_b723ef0d1f4e2a7d6c81,full
layoff-2026-103,m_and_a,company_stated,event,"The new lead links a reduction of the pre-acquisition workforce with the post-acquisition operating model and incoming Bending Spoons product-development staff. This supports acquisition integration, without asserting duplicate roles or AI substitution.",src_766a9364011a3642fd72,full
layoff-2026-104,strategic_pivot,company_stated,event,Company shifts from infrastructure research toward revenue-generating products.,src_b1e20cb8919873c96f13,
layoff-2026-105,cost_cutting,company_stated,historical_period,Corrected article says cuts occurred in 2025 and no new 2026 layoff plan was announced.,src_822ac29cb111e3ac910d,
layoff-2026-106,organizational_realignment,company_stated,event,Company describes ongoing workforce adjustments in response to market developments and customer needs.,src_1310655b015bc0c2169b,full
layoff-2026-107,ai_market_disruption,company_stated,event,CEO says AI agents undermine the process-management work served by the earlier product.,src_b568905b3bee836b8be0,
layoff-2026-107,ai_productivity,company_stated,event,CEO expects a smaller team using AI throughout its work to ship faster.,src_b568905b3bee836b8be0,
layoff-2026-107,strategic_pivot,company_stated,event,CEO reorganizes around the Spark product.,src_b568905b3bee836b8be0,
layoff-2026-108,ai_productivity,company_stated,event,CEO explicitly links smaller teams to AI productivity and operating-cost savings.,src_ff6e3195b1870dff4d46,
layoff-2026-108,cost_cutting,company_stated,event,CEO explicitly links smaller teams to AI productivity and operating-cost savings.,src_ff6e3195b1870dff4d46,
layoff-2026-109,m_and_a,company_stated,event,Company identifies duplicate roles following acquisitions.,src_a59d772f41bafb131933,
layoff-2026-111,ai_transition,company_stated,event,Company includes AI-driven technological changes among market shifts motivating the restructuring.,src_d7094cf76dfec7328d28,full
layoff-2026-111,market_conditions,company_stated,event,Company also cites changing customer expectations and software competition as reasons for the restructuring.,src_d7094cf76dfec7328d28,full
layoff-2026-112,cost_cutting,company_stated,event,CEO seeks a self-sustaining Quora business rather than continued subsidy of Poe. Product ownership does not establish job automation.,src_56c0b778351308d86dee,
layoff-2026-113,lost_contract,company_stated,event,Termination of a specific Meta workstream eliminates associated work.,src_45260470d6b9d566c68d,
layoff-2026-114,unit_closure,press_reported,event,Israeli development center closes; the source does not identify work transferred to a destination.,src_1289f0f8c6b2b64e5feb,
layoff-2026-115,ai_work_redesign,press_reported,event,"Anonymous sources describe reorganizing AI-enabled workflows; IPO proximity is background, not a demonstrated cause.",src_371b5a14eceac8dafcf4,
layoff-2026-116,strategic_pivot,company_stated,event,Company changes its creative-product offering; AI business transition is not employee replacement.,src_37cae645a0168bcd2873,
layoff-2026-117,ai_transition,company_stated,event,Company frames the cuts around technology change and greater use of AI for operational efficiency; affected tasks are not specified.,src_18228bb7d575ea952c4f,full
layoff-2026-117,operational_efficiency,company_stated,event,Company describes internal streamlining and optimization of how it works.,src_18228bb7d575ea952c4f,full
layoff-2026-118,demand_decline,company_stated,event,Chairman attributes the restructuring to weaker demand and declining revenue.,src_f1829296179365ae7505,
layoff-2026-119,strategic_pivot,press_reported,event,"Reporting describes a changed AI product roadmap and organization, not demonstrated internal productivity gains.",src_bcaf3d8795157fa2ce96,
layoff-2026-120,ai_investment_reallocation,press_reported,event,"CTech reports that these cuts redirect resources toward AI and product development; the company statement links organizational and resource changes to AI-driven products while continuing to recruit in product, engineering and AI. No amount is assigned to the transfer.",src_4ec39c36255e9760769a,full
layoff-2026-122,ai_productivity,company_stated,event,CEO and spokesperson attribute a smaller team to AI-agent productivity; claims are not independently measured.,src_2152065eccb48cb1b82d,
layoff-2026-123,cost_cutting,press_reported,event,Reporting describes cost reduction. Demand/market withdrawal discussion refers to an earlier round.,src_3fea76e3b2d9b4582dec,
layoff-2026-124,ai_productivity,company_stated,event,"The CEO links the reduction to AI-enabled work by smaller teams, with examples from engineering and other functions.",src_6f6c593f45fbbf7c810c,
layoff-2026-124,cost_cutting,press_reported,event,Adjusting cost structure amid crypto market downturn while leveraging AI tools so smaller teams can do more.,src_6f6c593f45fbbf7c810c,
layoff-2026-124,demand_decline,press_reported,event,Adjusting cost structure amid crypto market downturn while leveraging AI tools so smaller teams can do more.,src_6f6c593f45fbbf7c810c,
layoff-2026-124,organizational_consolidation,company_stated,event,The CEO specifies a maximum of five management layers below the CEO/COO and larger manager spans as part of the restructuring.,src_6f6c593f45fbbf7c810c,
layoff-2026-125,ai_substitution,company_stated,event,"CEO says technology, systems and AI now handle manual tasks previously requiring multiple teams; AI-only contribution is not isolated.",src_0132d5177a0e588c9123,
layoff-2026-125,organizational_consolidation,company_stated,event,"CEO identifies overlapping commercial roles, centralized functions and fewer management layers.",src_0132d5177a0e588c9123,
layoff-2026-126,ai_work_redesign,company_stated,multi_year_plan,"Company names process-by-process redesign with AI, especially in technology development and customer support.",src_49dc304ac4559f45a721,
layoff-2026-126,cost_cutting,company_stated,multi_year_plan,Company targets at least $1.5 billion of annualized savings over two to three years.,src_49dc304ac4559f45a721,
layoff-2026-126,organizational_consolidation,company_stated,multi_year_plan,Company removes duplicated responsibilities and management layers.,src_49dc304ac4559f45a721,
layoff-2026-127,ai_substitution,company_stated,event,The company says AI-led automation made some roles redundant; relocation also contributed to departures.,src_aa79b1db79a05f82232d,
layoff-2026-127,work_relocation,press_reported,event,The recorded explanation links cuts to moving product and technology teams from Bengaluru to Gurugram.,src_aa79b1db79a05f82232d,
layoff-2026-128,ai_investment_reallocation,company_stated,event,"Spokesperson explicitly links the cuts to AI investment. Attribution is company, not reporter inference.",src_e5e74306d1778e72ff99,
layoff-2026-129,ai_productivity,company_stated,event,CEO says AI coding and support agents allow the reduced workforce to sustain growth.,src_fb7d7506306767173a05,
layoff-2026-129,cost_cutting,company_stated,event,CEO says currency movements increased labor costs; cuts would also be needed without AI.,src_fb7d7506306767173a05,
layoff-2026-130,performance_cull,company_stated,event,Company describes performance reviews; worker accounts dispute the characterization and scope. Payroll transfers are separate from layoffs.,src_2818a4b2506cfd7c6028,
layoff-2026-131,ai_productivity,company_stated,event,Company links AI-enabled operations to doing work with fewer resources.,src_0083f955493f078c45f3,
layoff-2026-131,cost_cutting,company_stated,event,Company targets lower payroll and vendor costs.,src_0083f955493f078c45f3,
layoff-2026-131,work_relocation,company_stated,event,Company moves work between operating locations.,src_0083f955493f078c45f3,
layoff-2026-132,cost_cutting,company_stated,event,Company states a profitability objective. Broader AI investments alone do not establish which layoffs funded AI.,src_71c2e4cf12a32c4fcf5c,
layoff-2026-133,ai_work_redesign,company_stated,event,"The founders describe reorganizing roles, teams and processes around agentic AI as the reason for the workforce reduction.",src_9afd8fa54c15d59ec2ed,
layoff-2026-134,ai_productivity,company_stated,event,The founder links the reduction to smaller teams with AI embedded in workflows and routine work increasingly handled by AI.,src_208a08de2ad4add1d426,
layoff-2026-134,organizational_consolidation,company_stated,event,The founder describes reducing organizational layers as part of the workforce restructuring.,src_208a08de2ad4add1d426,
layoff-2026-135,organizational_consolidation,company_stated,event,Company describes fewer management layers and consolidated teams. Earlier AI product strategy is context.,src_d346324db4d16699f565,
layoff-2026-136,cost_cutting,company_stated,event,Company explicitly targets lower operating costs.,src_48a94d6dbb2ef413e65d,
layoff-2026-136,demand_decline,company_stated,event,Company identifies weaker advertising revenue and partner contributions.,src_48a94d6dbb2ef413e65d,
layoff-2026-136,organizational_consolidation,company_stated,event,Company describes a simpler organization.,src_48a94d6dbb2ef413e65d,
layoff-2026-137,ai_productivity,company_stated,event,"The CEO says AI enables smaller, differently resourced product and engineering teams to deliver greater impact, in the memo announcing the reduction.",src_6f0d903efd942ac0e1cd,
layoff-2026-137,cost_cutting,press_reported,event,"Upwork cut ~24% of workforce. CEO Hayden Brown's memo: 'Two pizza teams are dead. AI means smaller, differently resourced teams in product and engineering can make a bigger impact than ever.' Also: 'Fewer layers means faster decisions. Flatter is better.' Cited slower near-term growth in Q1 and profitability goals.",src_6f0d903efd942ac0e1cd,
layoff-2026-137,organizational_consolidation,press_reported,event,The CEO memo explicitly calls for fewer layers and a flatter organization.,src_6f0d903efd942ac0e1cd,
layoff-2026-139,financial_distress,company_stated,event,Bankruptcy and closure support financial distress and shutdown.,src_edece7689aff13f714ad,
layoff-2026-139,shutdown,company_stated,event,Bankruptcy and closure support financial distress and shutdown.,src_edece7689aff13f714ad,
layoff-2026-140,cost_cutting,worker_reported,event,Employee accounts describe cost reduction and shuttered exam verticals; company explanation remains general. IPO timing is context.,src_b5686f5afca4bae25d18,
layoff-2026-140,unit_closure,worker_reported,event,Employee accounts describe cost reduction and shuttered exam verticals; company explanation remains general. IPO timing is context.,src_b5686f5afca4bae25d18,
layoff-2026-141,ai_transition,company_stated,event,"Company attributes cuts broadly to increased AI adoption across products and operations, without detailing which work changes.",src_ddbdc8a0fdd9599b65a9,full
layoff-2026-142,ai_substitution,company_stated,event,CEO says AI removes work that previously needed dedicated headcount.,src_fcf08257ae19de6866c6,
layoff-2026-142,work_relocation,company_stated,event,CEO identifies relocation of work as a separate reason.,src_fcf08257ae19de6866c6,
layoff-2026-143,work_relocation,press_reported,event,Accessible headline describes development work moving abroad; full original report unavailable.,src_65450c84608c0fc540c1,
layoff-2026-144,strategic_pivot,company_stated,event,CEO redirects resources from smaller customers toward enterprise customers and customer-facing engineering.,src_b1a19d370a12d44668e9,
layoff-2026-144,work_relocation,company_stated,event,CEO closes the Israeli site and transfers some positions to other countries.,src_b1a19d370a12d44668e9,
layoff-2026-146,ai_investment_reallocation,company_stated,event,"The CEO links the workforce reduction to redirecting investment toward silicon, optics, security and AI opportunities. This is a mixed investment program, not an AI-only allocation.",src_fed720a1b05ead7a1256,
layoff-2026-147,ai_transition,company_stated,event,"Company attributes role adjustments to preparing for the AI era, without specifying an operating mechanism.",src_c95e7d2061798a4dac8f,full
layoff-2026-148,ai_productivity,company_stated,event,The company links planned headcount reductions to process automation through expanded use of AI tools.,src_a2bbd5939c9b8805f6b3,
layoff-2026-148,cost_cutting,press_reported,event,Reducing headcount and process automation through expansion of AI tools to improve operational efficiency and cut costs.,src_a2bbd5939c9b8805f6b3,
layoff-2026-149,organizational_realignment,company_stated,event,Company describes regular business planning intended to position it for future success.,src_10964fc555ea7a4fcb0f,full
layoff-2026-150,strategic_pivot,company_stated,event,"CEO describes refocusing on core data products and institutional customers; AI tooling is product strategy, not proven internal job replacement.",src_aceebbe54f6a89a2dd9c,
layoff-2026-151,ai_work_redesign,company_stated,event,"Company makes AI foundational to team structures and processes, enabling smaller teams.",src_a2892f38a652faed7368,
layoff-2026-151,cost_cutting,company_stated,event,Company expects $13 million annual savings from the proposed restructuring.,src_a2892f38a652faed7368,
layoff-2026-152,ai_transition,company_stated,event,CEO describes a transition to an AI-native company in the internal communication about the cuts.,src_f44b6893276c837f5c22,full
layoff-2026-152,strategic_priorities,company_stated,event,Company says it is aligning its team with current business priorities.,src_f44b6893276c837f5c22,full
layoff-2026-153,ai_productivity,press_reported,event,Anonymous reporting attributes part of the optimization to AI efficiency.,src_4907df9cd761588b48d6,
layoff-2026-153,ipo_prep,press_reported,event,Anonymous reporting describes the optimization as preparation for listing.,src_4907df9cd761588b48d6,
layoff-2026-154,ai_market_disruption,company_stated,event,Company describes changes in model economics undermining its earlier strategy.,src_c99d905e7970276bbba8,
layoff-2026-154,strategic_pivot,company_stated,event,Company moves from standalone language models toward agent optimization.,src_c99d905e7970276bbba8,
layoff-2026-155,organizational_consolidation,company_stated,event,Company simplifies management and consolidates teams.,src_f2b6fb6ddc60a115002a,
layoff-2026-156,ai_investment_reallocation,press_reported,event,Reported CEO memo connects workforce changes with AI priorities.,src_159cd5a91cb24a1c264d,
layoff-2026-157,ai_work_redesign,company_stated,event,"The CEO describes a restructuring into builders, system managers and frontline roles organized around AI agents, changing the work and skills required.",src_5cb6263507033ac78b90,
layoff-2026-158,cost_cutting,press_reported,event,CTech frames the reduction as a response to cost pressure; Wix declined comment.,src_dade628ba41cfbfb2e69,
layoff-2026-159,ai_investment_reallocation,company_stated,announced_plan,Company plans to reinvest most savings into its agentic product and technology strategy.,src_64ae35e88aaefe95db70,
layoff-2026-159,organizational_consolidation,company_stated,announced_plan,Company reduces layers and handoffs.,src_64ae35e88aaefe95db70,
layoff-2026-159,work_relocation,company_stated,announced_plan,Company reduces its employment-country footprint while continuing customer service and offering some staff relocation.,src_64ae35e88aaefe95db70,
layoff-2026-160,organizational_consolidation,company_stated,event,CEO links the cuts to flatter organizational structures and avoiding a heavily layered organization.,src_d156faaeacc94650ea63,full
layoff-2026-161,demand_decline,company_stated,event,Company links staffing changes to Destiny 2 performance and changed product priorities; recorded size needs independent confirmation.,src_a1f65c76f4dd181f1b58,
layoff-2026-161,strategic_pivot,company_stated,event,Company links staffing changes to Destiny 2 performance and changed product priorities; recorded size needs independent confirmation.,src_a1f65c76f4dd181f1b58,
layoff-2026-162,cost_cutting,company_stated,multi_year_plan,Company targets reduced vendor spending and stronger margins.,src_f1495ad55adb34fe824d,
layoff-2026-162,demand_decline,company_stated,multi_year_plan,Company cites declining player numbers and playtime.,src_f1495ad55adb34fe824d,
layoff-2026-162,organizational_consolidation,company_stated,multi_year_plan,Company reduces management layers.,src_f1495ad55adb34fe824d,
layoff-2026-162,strategic_pivot,company_stated,multi_year_plan,Company narrows investment toward core gaming priorities.,src_f1495ad55adb34fe824d,
layoff-2026-164,demand_decline,company_stated,event,Parent attributes the wind-down to slower market growth affecting automotive cybersecurity.,src_0fd5ade03303f6ef49ca,
layoff-2026-164,shutdown,company_stated,event,Parent is winding down the business.,src_0fd5ade03303f6ef49ca,
layoff-2026-165,ai_market_disruption,company_stated,event,AI agents change the website-building market and undermine the traditional model.,src_de2da7c2afaac063b6de,
layoff-2026-165,organizational_consolidation,company_stated,event,Company specifies a flatter structure with fewer management layers.,src_de2da7c2afaac063b6de,
layoff-2026-168,strategic_priorities,company_stated,event,"Company frames the cuts as redirecting resources toward cloud computing, sales and product development.",src_87e93937562249e7fe19,full
layoff-2026-169,organizational_realignment,worker_reported,event,Employee accounts describe a marketing reorganization; no company rationale is available.,src_3236a0dee522ea1ef6c8,prior_review
layoff-2026-170,financial_distress,press_reported,event,"Sources attribute closure to funding shortfalls, high infrastructure costs and failed acquisition talks.",src_ec839a5a9829c5f1c92e,
layoff-2026-170,shutdown,press_reported,event,Employees were told to leave as the company wound down operations.,src_ec839a5a9829c5f1c92e,
layoff-2026-172,ai_transition,company_stated,event,Company says broader adoption of AI changes its investment priorities and team needs; the concrete staffing mechanism is unspecified.,src_91cc7f4d29c8cda550a7,full
layoff-2026-173,organizational_consolidation,company_stated,event,Company says the cuts remove layers and streamline teams.,src_e26f62684c1eaf13ca99,
layoff-2026-174,strategic_pivot,company_stated,event,CEO narrows focus to named financial-services priorities.,src_51bea092f1229d96c31e,
layoff-2026-175,organizational_consolidation,company_stated,event,R&D and go-to-market are unified and leadership is flattened.,src_f62403133fd4cbeaf6c3,
layoff-2026-176,ai_productivity,company_stated,event,AI and automation allow some areas to operate with leaner teams.,src_e3e12e999088eb55c3fd,
layoff-2026-176,organizational_consolidation,company_stated,event,Fewer management layers and three engineering areas under senior leaders.,src_e3e12e999088eb55c3fd,
layoff-2026-177,unit_closure,press_reported,event,Company closes its Israeli operation and dismisses the local workforce.,src_45223d841aeff820c432,
layoff-2026-178,operational_efficiency,company_stated,event,"Company says its role review seeks a focused, efficient organization aligned with current business needs.",src_81e498bc1021ac3cfc3f,full
layoff-2026-179,organizational_consolidation,press_reported,event,Work is grouped into five clusters as part of the restructuring.,src_e54a8e4374423c3b0aa4,
layoff-2026-181,demand_decline,press_reported,event,Sources attribute the reduction to missed growth expectations and weaker commercial-vehicle demand.,src_e3ddd1803a49b0050846,
layoff-2026-181,market_exit,company_stated,event,CEO confirms withdrawal from selected markets to focus on northern India.,src_e3ddd1803a49b0050846,
layoff-2026-181,unit_closure,press_reported,event,Reporting and store operators identify closures in the offline store network.,src_e3ddd1803a49b0050846,
layoff-2026-182,operational_efficiency,company_stated,event,Company says a leaner organization will allow greater focus and flexibility following its review.,src_f03c5f64fc589d109887,full
layoff-2026-183,cost_cutting,company_stated,event,Plan targets operating-expense savings and positive cash flow.,src_f3654349be631abb06d7,
layoff-2026-183,organizational_consolidation,company_stated,event,COO position is eliminated as the organizational structure is streamlined.,src_f3654349be631abb06d7,
layoff-2026-184,ai_transition,company_stated,event,CEO presents the cuts as part of an AI push and plans AI training for remaining staff; displaced work is not identified.,src_eb1750fc13288f5bdd86,full
layoff-2026-185,ai_investment_reallocation,company_stated,announced_plan,"Capital is reallocated to AI applications, data infrastructure and specialist expertise.",src_0f9da3c39bac4ca0c886,
layoff-2026-185,ai_work_redesign,company_stated,announced_plan,Company redesigns core workflows around AI tools.,src_0f9da3c39bac4ca0c886,
layoff-2026-185,cost_cutting,company_stated,announced_plan,Company forecasts annualized savings of EUR16 million.,src_0f9da3c39bac4ca0c886,
layoff-2026-186,strategic_pivot,company_stated,event,Company focuses on enterprise and regulated-finance infrastructure requiring a different mix of roles.,src_78e1c05b8eca534df09d,
layoff-2026-187,ai_substitution,company_stated,event,CEO says AI removes work chains and makes certain roles redundant.,src_b2f90c5dcbc8f2221cdf,
layoff-2026-187,organizational_consolidation,company_stated,event,Company flattens the organization to reduce delivery delays.,src_b2f90c5dcbc8f2221cdf,
layoff-2026-189,ai_investment_reallocation,company_stated,event,Filing explicitly reallocates resources from legacy service delivery to enterprise AI.,src_7bdfca1cc0dcf738164b,
layoff-2026-189,cost_cutting,company_stated,event,"Plan is expected to save $75–85 million annually, with substantial reinvestment.",src_7bdfca1cc0dcf738164b,
layoff-2026-189,strategic_pivot,company_stated,event,Company deemphasizes legacy Public Cloud service delivery as its operating model shifts.,src_7bdfca1cc0dcf738164b,
layoff-2026-190,cost_cutting,company_stated,event,Company links team reductions to scaling the business profitably.,src_f4e4a8ce70d839625275,
layoff-2026-191,operational_efficiency,company_stated,event,"Company attributes the changes to stronger focus, simpler decisions and faster product delivery.",src_59991296728e256cc344,full
layoff-2026-193,organizational_realignment,company_stated,event,Company describes regular review and adjustment of staffing needs; the report explicitly leaves an AI connection unclear.,src_e8d2380fa646607ebb1b,full
layoff-2026-194,unit_closure,company_stated,event,India operations are shut down.,src_f3e47acb4975baeb91bf,
layoff-2026-194,work_relocation,company_stated,event,Operational work is brought back to the US.,src_f3e47acb4975baeb91bf,
layoff-2026-195,cost_cutting,company_stated,announced_plan,June Expense Reduction Plan targets lower workforce and third-party operating costs.,src_56a1e1e9ca042da56c78,
layoff-2026-196,performance_cull,company_stated,event,Departures follow the current employee performance appraisal cycle.,src_a70f7211d498ea5cccd4,
layoff-2026-199,strategic_pivot,company_stated,event,Company redirects its focus toward Physical AI markets and a partner-led distribution model.,src_5e33a00d835bdb81a9ed,
layoff-2026-200,strategic_priorities,company_stated,event,Company email links changes in roles and teams to its next stage of strategy and operating priorities.,src_de2b577f5f8cde2b9ea1,full
layoff-2026-201,operational_efficiency,press_reported,event,CTech frames the current cuts as an efficiency effort in its headline. The article supplies no company explanation or concrete mechanism; this is the publication’s attribution.,src_bb141036792f577bd771,full
layoff-2026-202,ai_transition,worker_reported,event,Laid-off employees identify greater emphasis on AI among the reasons they believe led to the cuts; no concrete staffing mechanism is specified.,src_0cda71f0a2b5c176bd48,full
layoff-2026-202,market_conditions,worker_reported,event,Laid-off employees attribute the cuts partly to prediction-market competition and economic uncertainty.,src_0cda71f0a2b5c176bd48,full
layoff-2026-202,operational_efficiency,company_stated,event,"Company says the changes seek agility, focus and execution of its long-term strategy.",src_0cda71f0a2b5c176bd48,full
layoff-2026-205,organizational_consolidation,company_stated,event,Company removes overlap and fragmentation in its people organization.,src_b344c4c6792b172edfe5,
layoff-2026-206,ai_transition,company_stated,event,"Company links its workforce adjustment to AI-related changes in how work is conducted, without specifying the tasks or roles transformed.",src_2ca7fe5be37fabe8dd15,full
layoff-2026-207,cost_cutting,press_reported,event,Cuts and outsourcing are intended to reduce operating costs.,src_ad556b70cea39cf96004,
layoff-2026-207,strategic_pivot,press_reported,event,Company changes to a production model relying mainly on outside manufacturers.,src_ad556b70cea39cf96004,
layoff-2026-208,operational_efficiency,company_stated,event,Company filing describes general efficiency and investment priorities without identifying an operating mechanism.,src_adef04e9298f4e6c7c84,full
layoff-2026-209,ai_work_redesign,company_stated,event,AI-model activity requires specialists who have built models rather than the previous role mix.,src_20ec1377074925cc83ff,
layoff-2026-209,strategic_pivot,company_stated,event,Company shifts toward AI-model licensing and enterprise customers.,src_20ec1377074925cc83ff,
layoff-2026-210,organizational_consolidation,company_stated,named_subsidiary_within_announced_plan,Intuit’s May 20 employee letter explicitly identifies elimination of overlapping TurboTax and Credit Karma roles following integration. Local reporting places this notice within that plan; it does not show that each of the 117 positions had the same rationale.,src_26913df9b282e5e3e762,full
layoff-2026-211,demand_decline,press_reported,event,Anonymous accounts link cuts to lower enrollment; the company disputes that decline.,src_9f492205427844806603,
layoff-2026-212,strategic_pivot,company_stated,event,Company redirects focus toward its more profitable AI and data businesses.,src_c45ad1243f44b0e94623,
layoff-2026-213,ai_investment_reallocation,company_stated,event,Company explicitly reallocates resources into AI and platform capabilities.,src_4c2ea64cc9fb154ec60f,
layoff-2026-213,ai_productivity,company_stated,event,AI infrastructure enables a more focused team to operate at greater speed and scale.,src_4c2ea64cc9fb154ec60f,
layoff-2026-213,unit_closure,press_reported,event,Company sources describe closure of an entire department.,src_4c2ea64cc9fb154ec60f,
layoff-2026-214,ai_transition,press_reported,event,"Globes also frames the current strategy around adapting work processes to the AI era, without specifying those processes. The separate GenAI division and investment statements later in the article refer to 2025 and are not transferred to this round.",src_d3ba3e842e52c7cd5203,full
layoff-2026-214,organizational_consolidation,press_reported,event,Globes attributes the May round to a strategy that includes a less hierarchical organization. It does not quantify layers or assign individual positions.,src_d3ba3e842e52c7cd5203,full
layoff-2026-215,ai_work_redesign,company_stated,event,CEO links the reduction to a model in which scoped AI agents and employees operate as one team.,src_57f2c604904fd40ecf9c,
layoff-2026-216,ai_market_disruption,company_stated,event,AI builders change the market for simple website requirements.,src_72b6a7a45017360950ee,
layoff-2026-216,organizational_consolidation,company_stated,event,Simpler structure reduces handoffs and approvals.,src_72b6a7a45017360950ee,
layoff-2026-216,strategic_pivot,company_stated,event,Company shifts toward an agentic web marketing platform for more complex customer needs.,src_72b6a7a45017360950ee,
layoff-2026-217,strategic_pivot,worker_reported,reported_worker_subset,"CRN reports a support manager’s account that cancellation of his project led to his layoff. This is a worker-reported explanation for part of the event, not a reason established for all 77 positions.",src_8b82cbd601d9fa6e6504,full
layoff-2026-217,strategic_priorities,company_stated,event,NetApp’s statement to CRN links the reduction to aligning investment and staffing with evolving customer priorities and growth opportunities. It does not specify which operating change removes these roles.,src_8b82cbd601d9fa6e6504,full
layoff-2026-218,financial_distress,press_reported,event,Assets were transferred to an assignee to liquidate and repay creditors.,src_2fb653d10fdf224a33aa,
layoff-2026-218,shutdown,press_reported,event,Company shut down and assets were assigned for liquidation.,src_2fb653d10fdf224a33aa,
layoff-2026-219,ai_investment_reallocation,company_stated,announced_plan,"Company plans to reinvest part of restructuring savings into marketing, AI infrastructure and talent.",src_d3e3ad1a6200de1fbbe1,
layoff-2026-219,cost_cutting,company_stated,announced_plan,Restructuring plan targets annualized cost savings.,src_d3e3ad1a6200de1fbbe1,
layoff-2026-220,ai_transition,company_stated,event,Founder attributes workforce adjustments to a transition toward AI-first software development and operations.,src_d0eaaaf08a7e8fbbb06b,full
layoff-2026-221,organizational_consolidation,company_stated,event,R&D locations are consolidated across global sites.,src_5333ae047537a0071339,
layoff-2026-221,unit_closure,press_reported,event,Sydney R&D function is closed while other local functions continue.,src_5333ae047537a0071339,
layoff-2026-221,work_relocation,press_reported,event,Sydney engineering work moves to Taipei.,src_5333ae047537a0071339,
layoff-2026-223,unit_closure,company_stated,named_employing_entity,"Termination-agreement templates reported by Polish media cite liquidation of employer Orion Software, a Zondacrypto group company. This supports closure of that employing entity, not a claim that the entire exchange formally entered bankruptcy.",src_27e9030344a400e8c8c8,full
layoff-2026-224,cost_cutting,company_stated,announced_plan,Company targets approximately EUR20 million in annual savings.,src_38d0d6b51268276ae106,
layoff-2026-224,m_and_a,company_stated,announced_plan,Reorganization is explicitly intended to realize acquisition synergies.,src_38d0d6b51268276ae106,
layoff-2026-226,cost_cutting,company_stated,historical_period,Quarterly filing says the Q1 reduction lowered operating costs.,src_05dd6d8e75abb7678ef1,
layoff-2026-227,financial_distress,company_stated,event,Funding was exhausted after an attempted acquisition failed.,src_671dcf50049871a7f6c4,
layoff-2026-227,shutdown,company_stated,event,Company ended active operations and dismissed its team.,src_671dcf50049871a7f6c4,
layoff-2026-228,market_conditions,company_stated,event,Foundation attributes the reduction to macroeconomic uncertainty and the broader crypto-market downturn.,src_4ae7232751648ea91bac,full
layoff-2026-229,strategic_pivot,company_stated,event,"CEO explicitly says the company will stop workstreams and do fewer things, rather than redistribute the same workload across fewer staff.",src_6b908a863b572c9dda2d,full
layoff-2026-232,demand_decline,company_stated,event,Player engagement and momentum did not support the existing team size.,src_531add8a2d93bce798f7,
layoff-2026-234,shutdown,company_stated,event,Founder announces the business closed after repeated unsuccessful pivots.,src_94c01df2210aebf91746,
