record_id,issue
layoff-2026-006,percentage_denominator
layoff-2026-007,affected_roles_not_all_layoffs
layoff-2026-008,attribution_corrected
layoff-2026-008,date_uncertain
layoff-2026-008,headcount_corrected
layoff-2026-012,headcount_denominator_uncertain
layoff-2026-016,percentage_disputed
layoff-2026-017,possible_overlap
layoff-2026-025,net_not_gross
layoff-2026-026,earlier_denial_needs_source_verification
layoff-2026-031,possible_overlap
layoff-2026-039,missing_source
layoff-2026-041,causal_evidence_unverified
layoff-2026-042,wrong_round_explanation
layoff-2026-043,date_uncertain
layoff-2026-047,multi_round_count
layoff-2026-051,multi_year_count
layoff-2026-064,date_uncertain
layoff-2026-071,net_not_gross
layoff-2026-075,year_to_date_count
layoff-2026-079,wrong_source_replaced
layoff-2026-082,planned_wind_down
layoff-2026-086,net_not_gross
layoff-2026-086,plan_not_event_attribution
layoff-2026-091,possible_overlap
layoff-2026-093,possible_overlap
layoff-2026-094,extent_unconfirmed
layoff-2026-098,date_corrected
layoff-2026-105,historical_not_2026
layoff-2026-109,date_uncertain
layoff-2026-126,headcount_press_estimate
layoff-2026-126,multi_year_count
layoff-2026-130,scope_disputed
layoff-2026-131,employees_and_contractors
layoff-2026-136,wrong_company_source_replaced
layoff-2026-138,causal_evidence_unverified
layoff-2026-138,wrong_year_source
layoff-2026-145,fixed_term_contract_nonrenewals
layoff-2026-149,denial_not_company_statement
layoff-2026-155,includes_credit_karma_notice
layoff-2026-159,plan_supersedes_prior_announcement
layoff-2026-161,headcount_unconfirmed
layoff-2026-162,multi_year_count
layoff-2026-163,derived_headcount
layoff-2026-163,headcount_corrected
layoff-2026-166,limited_source_access
layoff-2026-167,notice_not_located
layoff-2026-171,limited_source_access
layoff-2026-180,net_not_gross
layoff-2026-181,conflicting_headcount_accounts
layoff-2026-188,limited_source_access
layoff-2026-193,percentage_not_company_wide
layoff-2026-194,headcount_denominator_uncertain
layoff-2026-195,headcount_denominator_uncertain
layoff-2026-204,limited_source_access
layoff-2026-205,percentage_is_upper_bound
layoff-2026-210,overlap_with_intuit_may_plan
layoff-2026-211,conflicting_headcounts
layoff-2026-222,limited_source_access
layoff-2026-225,updated_article_combines_notices
layoff-2026-226,quarter_end_not_announcement_date
layoff-2026-230,limited_source_access
layoff-2026-231,limited_source_access
layoff-2026-233,limited_source_access
layoff-2026-234,closure_decision_in_2025
layoff-2026-235,missing_source
